occurrence_ordinal	frame	after_source_ordinal	cpu	pc	opcode	start_master_cycle	next_pc	delta_to_next_start	flow	branch_outcome	roles	source
0	978	-1	2	0x72C26	0x7000	157184	0x72C28	28	linear	n/a	ordinary	cfSetVoice@s1.sounddriver.asm:2312-2326
1	978	-1	2	0x72C28	0x101C	157212	0x72C2A	56	linear	n/a	ordinary	cfSetVoice@s1.sounddriver.asm:2312-2326
2	978	-1	2	0x72C2A	0x1B40	157268	0x72C2E	84	linear	n/a	ordinary	cfSetVoice@s1.sounddriver.asm:2312-2326
3	978	-1	2	0x72C2E	0x0815	157352	0x72C32	84	linear	n/a	ordinary	cfSetVoice@s1.sounddriver.asm:2312-2326
4	978	-1	2	0x72C32	0x6600	157436	0x72C36	84	branch	not_taken	control_flow	cfSetVoice@s1.sounddriver.asm:2312-2326
5	978	-1	2	0x72C36	0x226E	157520	0x72C3A	112	linear	n/a	ordinary	cfSetVoice@s1.sounddriver.asm:2312-2326
6	978	-1	2	0x72C3A	0x4A2E	157632	0x72C3E	84	linear	n/a	ordinary	cfSetVoice@s1.sounddriver.asm:2312-2326
7	978	-1	2	0x72C3E	0x670E	157716	0x72C40	56	branch	not_taken	control_flow	cfSetVoice@s1.sounddriver.asm:2312-2326
8	978	-1	2	0x72C40	0x226D	157772	0x72C44	112	linear	n/a	ordinary	cfSetVoice@s1.sounddriver.asm:2312-2326
9	978	-1	2	0x72C44	0x4A2E	157884	0x72C48	84	linear	n/a	ordinary	cfSetVoice@s1.sounddriver.asm:2312-2326
10	978	-1	2	0x72C48	0x6B04	157968	0x72C4E	70	branch	taken	control_flow	cfSetVoice@s1.sounddriver.asm:2312-2326
11	978	-1	2	0x72C4E	0x5340	158038	0x72C50	42	linear	n/a	ordinary	SetVoice@s1.sounddriver.asm:2328-2375
12	978	-1	2	0x72C50	0x6B0A	158080	0x72C5C	70	branch	taken	control_flow	SetVoice@s1.sounddriver.asm:2328-2375
13	978	-1	2	0x72C5C	0x1219	158150	0x72C5E	56	linear	n/a	ordinary	SetVoice@s1.sounddriver.asm:2328-2375
14	978	-1	2	0x72C5E	0x1B41	158206	0x72C62	84	linear	n/a	ordinary	SetVoice@s1.sounddriver.asm:2328-2375
15	978	-1	2	0x72C62	0x1801	158290	0x72C64	28	linear	n/a	ordinary	SetVoice@s1.sounddriver.asm:2328-2375
16	978	-1	2	0x72C64	0x103C	158318	0x72C68	56	linear	n/a	ordinary	SetVoice@s1.sounddriver.asm:2328-2375
17	978	-1	2	0x72C68	0x4EBA	158374	0x72722	126	call	target=0x72722	control_flow	SetVoice@s1.sounddriver.asm:2328-2375
18	978	-1	2	0x72722	0x082D	158500	0x72728	112	linear	n/a	ordinary	WriteFMIorII@s1.sounddriver.asm:1712-1717
19	978	-1	2	0x72728	0x6630	158612	0x7275A	70	branch	taken	control_flow	WriteFMIorII@s1.sounddriver.asm:1712-1717
20	978	-1	2	0x7275A	0x142D	158682	0x7275E	84	linear	n/a	ordinary	WriteFMIIPart@s1.sounddriver.asm:1745-1750
21	978	-1	2	0x7275E	0x0882	158766	0x72762	84	linear	n/a	ordinary	WriteFMIIPart@s1.sounddriver.asm:1745-1750
22	978	-1	2	0x72762	0xD002	158850	0x72764	28	linear	n/a	ordinary	WriteFMIIPart@s1.sounddriver.asm:1745-1750
23	978	-1	2	0x72764	0x1439	158878	0x7276A	119	linear	n/a	ordinary,busy_poll	WriteFMII@s1.sounddriver.asm:1752-1769
24	978	-1	2	0x7276A	0x0802	158997	0x7276E	84	linear	n/a	ordinary,busy_poll	WriteFMII@s1.sounddriver.asm:1752-1769
25	978	-1	2	0x7276E	0x66F4	159081	0x72770	56	branch	not_taken	control_flow	WriteFMII@s1.sounddriver.asm:1752-1769
26	978	-1	2	0x72770	0x13C0	159137	0x72776	119	linear	n/a	ordinary	WriteFMII@s1.sounddriver.asm:1752-1769
27	978	-1	2	0x72776	0x4E71	159256	0x72778	28	linear	n/a	ordinary	WriteFMII@s1.sounddriver.asm:1752-1769
28	978	-1	2	0x72778	0x4E71	159284	0x7277A	28	linear	n/a	ordinary	WriteFMII@s1.sounddriver.asm:1752-1769
29	978	-1	2	0x7277A	0x4E71	159312	0x7277C	28	linear	n/a	ordinary	WriteFMII@s1.sounddriver.asm:1752-1769
30	978	-1	2	0x7277C	0x1439	159340	0x72782	119	linear	n/a	ordinary,busy_poll	WriteFMII@s1.sounddriver.asm:1752-1769
31	978	-1	2	0x72782	0x0802	159459	0x72786	70	linear	n/a	ordinary,busy_poll	WriteFMII@s1.sounddriver.asm:1752-1769
32	978	-1	2	0x72786	0x66F4	159529	0x72788	56	branch	not_taken	control_flow,busy_poll	WriteFMII@s1.sounddriver.asm:1752-1769
33	978	-1	2	0x72788	0x13C1	159585	0x7278E	119	linear	n/a	ordinary,ym_write	WriteFMII@s1.sounddriver.asm:1752-1769
34	978	0	2	0x7278E	0x4E75	159704	0x72C6C	112	return	target=0x72C6C	control_flow	WriteFMII@s1.sounddriver.asm:1752-1769
35	978	0	2	0x72C6C	0x45FA	159816	0x72C70	56	linear	n/a	ordinary	SetVoice@s1.sounddriver.asm:2328-2375
36	978	0	2	0x72C70	0x7613	159872	0x72C72	28	linear	n/a	ordinary	SetVoice@s1.sounddriver.asm:2328-2375
37	978	0	2	0x72C72	0x101A	159900	0x72C74	70	linear	n/a	ordinary	SetVoice@s1.sounddriver.asm:2328-2375
38	978	0	2	0x72C74	0x1219	159970	0x72C76	56	linear	n/a	ordinary	SetVoice@s1.sounddriver.asm:2328-2375
39	978	0	2	0x72C76	0x4EBA	160026	0x72722	126	call	target=0x72722	control_flow	SetVoice@s1.sounddriver.asm:2328-2375
40	978	0	2	0x72722	0x082D	160152	0x72728	112	linear	n/a	ordinary	WriteFMIorII@s1.sounddriver.asm:1712-1717
41	978	0	2	0x72728	0x6630	160264	0x7275A	70	branch	taken	control_flow	WriteFMIorII@s1.sounddriver.asm:1712-1717
42	978	0	2	0x7275A	0x142D	160334	0x7275E	84	linear	n/a	ordinary	WriteFMIIPart@s1.sounddriver.asm:1745-1750
43	978	0	2	0x7275E	0x0882	160418	0x72762	84	linear	n/a	ordinary	WriteFMIIPart@s1.sounddriver.asm:1745-1750
44	978	0	2	0x72762	0xD002	160502	0x72764	28	linear	n/a	ordinary	WriteFMIIPart@s1.sounddriver.asm:1745-1750
45	978	0	2	0x72764	0x1439	160530	0x7276A	119	linear	n/a	ordinary,busy_poll	WriteFMII@s1.sounddriver.asm:1752-1769
46	978	0	2	0x7276A	0x0802	160649	0x7276E	70	linear	n/a	ordinary,busy_poll	WriteFMII@s1.sounddriver.asm:1752-1769
47	978	0	2	0x7276E	0x66F4	160719	0x72764	70	branch	taken	control_flow	WriteFMII@s1.sounddriver.asm:1752-1769
48	978	0	2	0x72764	0x1439	160789	0x7276A	119	linear	n/a	ordinary,busy_poll	WriteFMII@s1.sounddriver.asm:1752-1769
49	978	0	2	0x7276A	0x0802	160908	0x7276E	84	linear	n/a	ordinary,busy_poll	WriteFMII@s1.sounddriver.asm:1752-1769
50	978	0	2	0x7276E	0x66F4	160992	0x72764	70	branch	taken	control_flow	WriteFMII@s1.sounddriver.asm:1752-1769
51	978	0	2	0x72764	0x1439	161062	0x7276A	119	linear	n/a	ordinary,busy_poll	WriteFMII@s1.sounddriver.asm:1752-1769
52	978	0	2	0x7276A	0x0802	161181	0x7276E	70	linear	n/a	ordinary,busy_poll	WriteFMII@s1.sounddriver.asm:1752-1769
53	978	0	2	0x7276E	0x66F4	161251	0x72770	56	branch	not_taken	control_flow	WriteFMII@s1.sounddriver.asm:1752-1769
54	978	0	2	0x72770	0x13C0	161307	0x72776	119	linear	n/a	ordinary	WriteFMII@s1.sounddriver.asm:1752-1769
55	978	0	2	0x72776	0x4E71	161426	0x72778	28	linear	n/a	ordinary	WriteFMII@s1.sounddriver.asm:1752-1769
56	978	0	2	0x72778	0x4E71	161454	0x7277A	28	linear	n/a	ordinary	WriteFMII@s1.sounddriver.asm:1752-1769
57	978	0	2	0x7277A	0x4E71	161482	0x7277C	28	linear	n/a	ordinary	WriteFMII@s1.sounddriver.asm:1752-1769
58	978	0	2	0x7277C	0x1439	161510	0x72782	119	linear	n/a	ordinary,busy_poll	WriteFMII@s1.sounddriver.asm:1752-1769
59	978	0	2	0x72782	0x0802	161629	0x72786	70	linear	n/a	ordinary,busy_poll	WriteFMII@s1.sounddriver.asm:1752-1769
60	978	0	2	0x72786	0x66F4	161699	0x72788	56	branch	not_taken	control_flow,busy_poll	WriteFMII@s1.sounddriver.asm:1752-1769
61	978	0	2	0x72788	0x13C1	161755	0x7278E	119	linear	n/a	ordinary,ym_write	WriteFMII@s1.sounddriver.asm:1752-1769
62	978	1	2	0x7278E	0x4E75	161874	0x72C7A	126	return	target=0x72C7A	control_flow	WriteFMII@s1.sounddriver.asm:1752-1769
63	978	1	2	0x72C7A	0x51CB	162000	0x72C72	70	branch	taken	control_flow	SetVoice@s1.sounddriver.asm:2328-2375
64	978	1	2	0x72C72	0x101A	162070	0x72C74	56	linear	n/a	ordinary	SetVoice@s1.sounddriver.asm:2328-2375
65	978	1	2	0x72C74	0x1219	162126	0x72C76	56	linear	n/a	ordinary	SetVoice@s1.sounddriver.asm:2328-2375
66	978	1	2	0x72C76	0x4EBA	162182	0x72722	126	call	target=0x72722	control_flow	SetVoice@s1.sounddriver.asm:2328-2375
67	978	1	2	0x72722	0x082D	162308	0x72728	112	linear	n/a	ordinary	WriteFMIorII@s1.sounddriver.asm:1712-1717
68	978	1	2	0x72728	0x6630	162420	0x7275A	70	branch	taken	control_flow	WriteFMIorII@s1.sounddriver.asm:1712-1717
69	978	1	2	0x7275A	0x142D	162490	0x7275E	84	linear	n/a	ordinary	WriteFMIIPart@s1.sounddriver.asm:1745-1750
70	978	1	2	0x7275E	0x0882	162574	0x72762	84	linear	n/a	ordinary	WriteFMIIPart@s1.sounddriver.asm:1745-1750
71	978	1	2	0x72762	0xD002	162658	0x72764	28	linear	n/a	ordinary	WriteFMIIPart@s1.sounddriver.asm:1745-1750
72	978	1	2	0x72764	0x1439	162686	0x7276A	119	linear	n/a	ordinary,busy_poll	WriteFMII@s1.sounddriver.asm:1752-1769
73	978	1	2	0x7276A	0x0802	162805	0x7276E	84	linear	n/a	ordinary,busy_poll	WriteFMII@s1.sounddriver.asm:1752-1769
74	978	1	2	0x7276E	0x66F4	162889	0x72764	70	branch	taken	control_flow	WriteFMII@s1.sounddriver.asm:1752-1769
75	978	1	2	0x72764	0x1439	162959	0x7276A	119	linear	n/a	ordinary,busy_poll	WriteFMII@s1.sounddriver.asm:1752-1769
76	978	1	2	0x7276A	0x0802	163078	0x7276E	70	linear	n/a	ordinary,busy_poll	WriteFMII@s1.sounddriver.asm:1752-1769
77	978	1	2	0x7276E	0x66F4	163148	0x72764	70	branch	taken	control_flow	WriteFMII@s1.sounddriver.asm:1752-1769
78	978	1	2	0x72764	0x1439	163218	0x7276A	119	linear	n/a	ordinary,busy_poll	WriteFMII@s1.sounddriver.asm:1752-1769
79	978	1	2	0x7276A	0x0802	163337	0x7276E	70	linear	n/a	ordinary,busy_poll	WriteFMII@s1.sounddriver.asm:1752-1769
80	978	1	2	0x7276E	0x66F4	163407	0x72770	56	branch	not_taken	control_flow	WriteFMII@s1.sounddriver.asm:1752-1769
81	978	1	2	0x72770	0x13C0	163463	0x72776	119	linear	n/a	ordinary	WriteFMII@s1.sounddriver.asm:1752-1769
82	978	1	2	0x72776	0x4E71	163582	0x72778	28	linear	n/a	ordinary	WriteFMII@s1.sounddriver.asm:1752-1769
83	978	1	2	0x72778	0x4E71	163610	0x7277A	28	linear	n/a	ordinary	WriteFMII@s1.sounddriver.asm:1752-1769
84	978	1	2	0x7277A	0x4E71	163638	0x7277C	28	linear	n/a	ordinary	WriteFMII@s1.sounddriver.asm:1752-1769
85	978	1	2	0x7277C	0x1439	163666	0x72782	119	linear	n/a	ordinary,busy_poll	WriteFMII@s1.sounddriver.asm:1752-1769
86	978	1	2	0x72782	0x0802	163785	0x72786	84	linear	n/a	ordinary,busy_poll	WriteFMII@s1.sounddriver.asm:1752-1769
87	978	1	2	0x72786	0x66F4	163869	0x72788	56	branch	not_taken	control_flow,busy_poll	WriteFMII@s1.sounddriver.asm:1752-1769
88	978	1	2	0x72788	0x13C1	163925	0x7278E	119	linear	n/a	ordinary,ym_write	WriteFMII@s1.sounddriver.asm:1752-1769
89	978	2	2	0x7278E	0x4E75	164044	0x72C7A	112	return	target=0x72C7A	control_flow	WriteFMII@s1.sounddriver.asm:1752-1769
90	978	2	2	0x72C7A	0x51CB	164156	0x72C72	70	branch	taken	control_flow	SetVoice@s1.sounddriver.asm:2328-2375
91	978	2	2	0x72C72	0x101A	164226	0x72C74	56	linear	n/a	ordinary	SetVoice@s1.sounddriver.asm:2328-2375
92	978	2	2	0x72C74	0x1219	164282	0x72C76	56	linear	n/a	ordinary	SetVoice@s1.sounddriver.asm:2328-2375
93	978	2	2	0x72C76	0x4EBA	164338	0x72722	126	call	target=0x72722	control_flow	SetVoice@s1.sounddriver.asm:2328-2375
94	978	2	2	0x72722	0x082D	164464	0x72728	112	linear	n/a	ordinary	WriteFMIorII@s1.sounddriver.asm:1712-1717
95	978	2	2	0x72728	0x6630	164576	0x7275A	70	branch	taken	control_flow	WriteFMIorII@s1.sounddriver.asm:1712-1717
96	978	2	2	0x7275A	0x142D	164646	0x7275E	84	linear	n/a	ordinary	WriteFMIIPart@s1.sounddriver.asm:1745-1750
97	978	2	2	0x7275E	0x0882	164730	0x72762	98	linear	n/a	ordinary	WriteFMIIPart@s1.sounddriver.asm:1745-1750
98	978	2	2	0x72762	0xD002	164828	0x72764	28	linear	n/a	ordinary	WriteFMIIPart@s1.sounddriver.asm:1745-1750
99	978	2	2	0x72764	0x1439	164856	0x7276A	119	linear	n/a	ordinary,busy_poll	WriteFMII@s1.sounddriver.asm:1752-1769
100	978	2	2	0x7276A	0x0802	164975	0x7276E	70	linear	n/a	ordinary,busy_poll	WriteFMII@s1.sounddriver.asm:1752-1769
101	978	2	2	0x7276E	0x66F4	165045	0x72764	70	branch	taken	control_flow	WriteFMII@s1.sounddriver.asm:1752-1769
102	978	2	2	0x72764	0x1439	165115	0x7276A	119	linear	n/a	ordinary,busy_poll	WriteFMII@s1.sounddriver.asm:1752-1769
103	978	2	2	0x7276A	0x0802	165234	0x7276E	70	linear	n/a	ordinary,busy_poll	WriteFMII@s1.sounddriver.asm:1752-1769
104	978	2	2	0x7276E	0x66F4	165304	0x72764	70	branch	taken	control_flow	WriteFMII@s1.sounddriver.asm:1752-1769
105	978	2	2	0x72764	0x1439	165374	0x7276A	119	linear	n/a	ordinary,busy_poll	WriteFMII@s1.sounddriver.asm:1752-1769
106	978	2	2	0x7276A	0x0802	165493	0x7276E	70	linear	n/a	ordinary,busy_poll	WriteFMII@s1.sounddriver.asm:1752-1769
107	978	2	2	0x7276E	0x66F4	165563	0x72770	56	branch	not_taken	control_flow	WriteFMII@s1.sounddriver.asm:1752-1769
108	978	2	2	0x72770	0x13C0	165619	0x72776	119	linear	n/a	ordinary	WriteFMII@s1.sounddriver.asm:1752-1769
109	978	2	2	0x72776	0x4E71	165738	0x72778	42	linear	n/a	ordinary	WriteFMII@s1.sounddriver.asm:1752-1769
110	978	2	2	0x72778	0x4E71	165780	0x7277A	28	linear	n/a	ordinary	WriteFMII@s1.sounddriver.asm:1752-1769
111	978	2	2	0x7277A	0x4E71	165808	0x7277C	28	linear	n/a	ordinary	WriteFMII@s1.sounddriver.asm:1752-1769
112	978	2	2	0x7277C	0x1439	165836	0x72782	119	linear	n/a	ordinary,busy_poll	WriteFMII@s1.sounddriver.asm:1752-1769
113	978	2	2	0x72782	0x0802	165955	0x72786	70	linear	n/a	ordinary,busy_poll	WriteFMII@s1.sounddriver.asm:1752-1769
114	978	2	2	0x72786	0x66F4	166025	0x72788	56	branch	not_taken	control_flow,busy_poll	WriteFMII@s1.sounddriver.asm:1752-1769
115	978	2	2	0x72788	0x13C1	166081	0x7278E	119	linear	n/a	ordinary,ym_write	WriteFMII@s1.sounddriver.asm:1752-1769
116	978	3	2	0x7278E	0x4E75	166200	0x72C7A	112	return	target=0x72C7A	control_flow	WriteFMII@s1.sounddriver.asm:1752-1769
117	978	3	2	0x72C7A	0x51CB	166312	0x72C72	70	branch	taken	control_flow	SetVoice@s1.sounddriver.asm:2328-2375
118	978	3	2	0x72C72	0x101A	166382	0x72C74	56	linear	n/a	ordinary	SetVoice@s1.sounddriver.asm:2328-2375
119	978	3	2	0x72C74	0x1219	166438	0x72C76	56	linear	n/a	ordinary	SetVoice@s1.sounddriver.asm:2328-2375
120	978	3	2	0x72C76	0x4EBA	166494	0x72722	126	call	target=0x72722	control_flow	SetVoice@s1.sounddriver.asm:2328-2375
121	978	3	2	0x72722	0x082D	166620	0x72728	112	linear	n/a	ordinary	WriteFMIorII@s1.sounddriver.asm:1712-1717
122	978	3	2	0x72728	0x6630	166732	0x7275A	84	branch	taken	control_flow	WriteFMIorII@s1.sounddriver.asm:1712-1717
123	978	3	2	0x7275A	0x142D	166816	0x7275E	84	linear	n/a	ordinary	WriteFMIIPart@s1.sounddriver.asm:1745-1750
124	978	3	2	0x7275E	0x0882	166900	0x72762	84	linear	n/a	ordinary	WriteFMIIPart@s1.sounddriver.asm:1745-1750
125	978	3	2	0x72762	0xD002	166984	0x72764	28	linear	n/a	ordinary	WriteFMIIPart@s1.sounddriver.asm:1745-1750
126	978	3	2	0x72764	0x1439	167012	0x7276A	119	linear	n/a	ordinary,busy_poll	WriteFMII@s1.sounddriver.asm:1752-1769
127	978	3	2	0x7276A	0x0802	167131	0x7276E	70	linear	n/a	ordinary,busy_poll	WriteFMII@s1.sounddriver.asm:1752-1769
128	978	3	2	0x7276E	0x66F4	167201	0x72764	70	branch	taken	control_flow	WriteFMII@s1.sounddriver.asm:1752-1769
129	978	3	2	0x72764	0x1439	167271	0x7276A	119	linear	n/a	ordinary,busy_poll	WriteFMII@s1.sounddriver.asm:1752-1769
130	978	3	2	0x7276A	0x0802	167390	0x7276E	70	linear	n/a	ordinary,busy_poll	WriteFMII@s1.sounddriver.asm:1752-1769
131	978	3	2	0x7276E	0x66F4	167460	0x72764	70	branch	taken	control_flow	WriteFMII@s1.sounddriver.asm:1752-1769
132	978	3	2	0x72764	0x1439	167530	0x7276A	119	linear	n/a	ordinary,busy_poll	WriteFMII@s1.sounddriver.asm:1752-1769
133	978	3	2	0x7276A	0x0802	167649	0x7276E	84	linear	n/a	ordinary,busy_poll	WriteFMII@s1.sounddriver.asm:1752-1769
134	978	3	2	0x7276E	0x66F4	167733	0x72770	56	branch	not_taken	control_flow	WriteFMII@s1.sounddriver.asm:1752-1769
135	978	3	2	0x72770	0x13C0	167789	0x72776	119	linear	n/a	ordinary	WriteFMII@s1.sounddriver.asm:1752-1769
136	978	3	2	0x72776	0x4E71	167908	0x72778	28	linear	n/a	ordinary	WriteFMII@s1.sounddriver.asm:1752-1769
137	978	3	2	0x72778	0x4E71	167936	0x7277A	28	linear	n/a	ordinary	WriteFMII@s1.sounddriver.asm:1752-1769
138	978	3	2	0x7277A	0x4E71	167964	0x7277C	28	linear	n/a	ordinary	WriteFMII@s1.sounddriver.asm:1752-1769
139	978	3	2	0x7277C	0x1439	167992	0x72782	119	linear	n/a	ordinary,busy_poll	WriteFMII@s1.sounddriver.asm:1752-1769
140	978	3	2	0x72782	0x0802	168111	0x72786	70	linear	n/a	ordinary,busy_poll	WriteFMII@s1.sounddriver.asm:1752-1769
141	978	3	2	0x72786	0x66F4	168181	0x72788	56	branch	not_taken	control_flow,busy_poll	WriteFMII@s1.sounddriver.asm:1752-1769
142	978	3	2	0x72788	0x13C1	168237	0x7278E	119	linear	n/a	ordinary,ym_write	WriteFMII@s1.sounddriver.asm:1752-1769
143	978	4	2	0x7278E	0x4E75	168356	0x72C7A	112	return	target=0x72C7A	control_flow	WriteFMII@s1.sounddriver.asm:1752-1769
144	978	4	2	0x72C7A	0x51CB	168468	0x72C72	70	branch	taken	control_flow	SetVoice@s1.sounddriver.asm:2328-2375
145	978	4	2	0x72C72	0x101A	168538	0x72C74	56	linear	n/a	ordinary	SetVoice@s1.sounddriver.asm:2328-2375
146	978	4	2	0x72C74	0x1219	168594	0x72C76	70	linear	n/a	ordinary	SetVoice@s1.sounddriver.asm:2328-2375
147	978	4	2	0x72C76	0x4EBA	168664	0x72722	126	call	target=0x72722	control_flow	SetVoice@s1.sounddriver.asm:2328-2375
148	978	4	2	0x72722	0x082D	168790	0x72728	112	linear	n/a	ordinary	WriteFMIorII@s1.sounddriver.asm:1712-1717
149	978	4	2	0x72728	0x6630	168902	0x7275A	70	branch	taken	control_flow	WriteFMIorII@s1.sounddriver.asm:1712-1717
150	978	4	2	0x7275A	0x142D	168972	0x7275E	84	linear	n/a	ordinary	WriteFMIIPart@s1.sounddriver.asm:1745-1750
151	978	4	2	0x7275E	0x0882	169056	0x72762	84	linear	n/a	ordinary	WriteFMIIPart@s1.sounddriver.asm:1745-1750
152	978	4	2	0x72762	0xD002	169140	0x72764	28	linear	n/a	ordinary	WriteFMIIPart@s1.sounddriver.asm:1745-1750
153	978	4	2	0x72764	0x1439	169168	0x7276A	119	linear	n/a	ordinary,busy_poll	WriteFMII@s1.sounddriver.asm:1752-1769
154	978	4	2	0x7276A	0x0802	169287	0x7276E	70	linear	n/a	ordinary,busy_poll	WriteFMII@s1.sounddriver.asm:1752-1769
155	978	4	2	0x7276E	0x66F4	169357	0x72764	70	branch	taken	control_flow	WriteFMII@s1.sounddriver.asm:1752-1769
156	978	4	2	0x72764	0x1439	169427	0x7276A	119	linear	n/a	ordinary,busy_poll	WriteFMII@s1.sounddriver.asm:1752-1769
157	978	4	2	0x7276A	0x0802	169546	0x7276E	84	linear	n/a	ordinary,busy_poll	WriteFMII@s1.sounddriver.asm:1752-1769
158	978	4	2	0x7276E	0x66F4	169630	0x72764	70	branch	taken	control_flow	WriteFMII@s1.sounddriver.asm:1752-1769
159	978	4	2	0x72764	0x1439	169700	0x7276A	119	linear	n/a	ordinary,busy_poll	WriteFMII@s1.sounddriver.asm:1752-1769
160	978	4	2	0x7276A	0x0802	169819	0x7276E	70	linear	n/a	ordinary,busy_poll	WriteFMII@s1.sounddriver.asm:1752-1769
161	978	4	2	0x7276E	0x66F4	169889	0x72770	56	branch	not_taken	control_flow	WriteFMII@s1.sounddriver.asm:1752-1769
162	978	4	2	0x72770	0x13C0	169945	0x72776	119	linear	n/a	ordinary	WriteFMII@s1.sounddriver.asm:1752-1769
163	978	4	2	0x72776	0x4E71	170064	0x72778	28	linear	n/a	ordinary	WriteFMII@s1.sounddriver.asm:1752-1769
164	978	4	2	0x72778	0x4E71	170092	0x7277A	28	linear	n/a	ordinary	WriteFMII@s1.sounddriver.asm:1752-1769
165	978	4	2	0x7277A	0x4E71	170120	0x7277C	28	linear	n/a	ordinary	WriteFMII@s1.sounddriver.asm:1752-1769
166	978	4	2	0x7277C	0x1439	170148	0x72782	119	linear	n/a	ordinary,busy_poll	WriteFMII@s1.sounddriver.asm:1752-1769
167	978	4	2	0x72782	0x0802	170267	0x72786	70	linear	n/a	ordinary,busy_poll	WriteFMII@s1.sounddriver.asm:1752-1769
168	978	4	2	0x72786	0x66F4	170337	0x72788	56	branch	not_taken	control_flow,busy_poll	WriteFMII@s1.sounddriver.asm:1752-1769
169	978	4	2	0x72788	0x13C1	170393	0x7278E	119	linear	n/a	ordinary,ym_write	WriteFMII@s1.sounddriver.asm:1752-1769
170	978	5	2	0x7278E	0x4E75	170512	0x72C7A	126	return	target=0x72C7A	control_flow	WriteFMII@s1.sounddriver.asm:1752-1769
171	978	5	2	0x72C7A	0x51CB	170638	0x72C72	70	branch	taken	control_flow	SetVoice@s1.sounddriver.asm:2328-2375
172	978	5	2	0x72C72	0x101A	170708	0x72C74	56	linear	n/a	ordinary	SetVoice@s1.sounddriver.asm:2328-2375
173	978	5	2	0x72C74	0x1219	170764	0x72C76	56	linear	n/a	ordinary	SetVoice@s1.sounddriver.asm:2328-2375
174	978	5	2	0x72C76	0x4EBA	170820	0x72722	126	call	target=0x72722	control_flow	SetVoice@s1.sounddriver.asm:2328-2375
175	978	5	2	0x72722	0x082D	170946	0x72728	112	linear	n/a	ordinary	WriteFMIorII@s1.sounddriver.asm:1712-1717
176	978	5	2	0x72728	0x6630	171058	0x7275A	70	branch	taken	control_flow	WriteFMIorII@s1.sounddriver.asm:1712-1717
177	978	5	2	0x7275A	0x142D	171128	0x7275E	84	linear	n/a	ordinary	WriteFMIIPart@s1.sounddriver.asm:1745-1750
178	978	5	2	0x7275E	0x0882	171212	0x72762	84	linear	n/a	ordinary	WriteFMIIPart@s1.sounddriver.asm:1745-1750
179	978	5	2	0x72762	0xD002	171296	0x72764	28	linear	n/a	ordinary	WriteFMIIPart@s1.sounddriver.asm:1745-1750
180	978	5	2	0x72764	0x1439	171324	0x7276A	119	linear	n/a	ordinary,busy_poll	WriteFMII@s1.sounddriver.asm:1752-1769
181	978	5	2	0x7276A	0x0802	171443	0x7276E	84	linear	n/a	ordinary,busy_poll	WriteFMII@s1.sounddriver.asm:1752-1769
182	978	5	2	0x7276E	0x66F4	171527	0x72764	70	branch	taken	control_flow	WriteFMII@s1.sounddriver.asm:1752-1769
183	978	5	2	0x72764	0x1439	171597	0x7276A	119	linear	n/a	ordinary,busy_poll	WriteFMII@s1.sounddriver.asm:1752-1769
184	978	5	2	0x7276A	0x0802	171716	0x7276E	70	linear	n/a	ordinary,busy_poll	WriteFMII@s1.sounddriver.asm:1752-1769
185	978	5	2	0x7276E	0x66F4	171786	0x72764	70	branch	taken	control_flow	WriteFMII@s1.sounddriver.asm:1752-1769
186	978	5	2	0x72764	0x1439	171856	0x7276A	119	linear	n/a	ordinary,busy_poll	WriteFMII@s1.sounddriver.asm:1752-1769
187	978	5	2	0x7276A	0x0802	171975	0x7276E	70	linear	n/a	ordinary,busy_poll	WriteFMII@s1.sounddriver.asm:1752-1769
188	978	5	2	0x7276E	0x66F4	172045	0x72770	56	branch	not_taken	control_flow	WriteFMII@s1.sounddriver.asm:1752-1769
189	978	5	2	0x72770	0x13C0	172101	0x72776	119	linear	n/a	ordinary	WriteFMII@s1.sounddriver.asm:1752-1769
190	978	5	2	0x72776	0x4E71	172220	0x72778	28	linear	n/a	ordinary	WriteFMII@s1.sounddriver.asm:1752-1769
191	978	5	2	0x72778	0x4E71	172248	0x7277A	28	linear	n/a	ordinary	WriteFMII@s1.sounddriver.asm:1752-1769
192	978	5	2	0x7277A	0x4E71	172276	0x7277C	28	linear	n/a	ordinary	WriteFMII@s1.sounddriver.asm:1752-1769
193	978	5	2	0x7277C	0x1439	172304	0x72782	119	linear	n/a	ordinary,busy_poll	WriteFMII@s1.sounddriver.asm:1752-1769
194	978	5	2	0x72782	0x0802	172423	0x72786	84	linear	n/a	ordinary,busy_poll	WriteFMII@s1.sounddriver.asm:1752-1769
195	978	5	2	0x72786	0x66F4	172507	0x72788	56	branch	not_taken	control_flow,busy_poll	WriteFMII@s1.sounddriver.asm:1752-1769
196	978	5	2	0x72788	0x13C1	172563	0x7278E	119	linear	n/a	ordinary,ym_write	WriteFMII@s1.sounddriver.asm:1752-1769
197	978	6	2	0x7278E	0x4E75	172682	0x72C7A	112	return	target=0x72C7A	control_flow	WriteFMII@s1.sounddriver.asm:1752-1769
198	978	6	2	0x72C7A	0x51CB	172794	0x72C72	70	branch	taken	control_flow	SetVoice@s1.sounddriver.asm:2328-2375
199	978	6	2	0x72C72	0x101A	172864	0x72C74	56	linear	n/a	ordinary	SetVoice@s1.sounddriver.asm:2328-2375
200	978	6	2	0x72C74	0x1219	172920	0x72C76	56	linear	n/a	ordinary	SetVoice@s1.sounddriver.asm:2328-2375
201	978	6	2	0x72C76	0x4EBA	172976	0x72722	126	call	target=0x72722	control_flow	SetVoice@s1.sounddriver.asm:2328-2375
202	978	6	2	0x72722	0x082D	173102	0x72728	112	linear	n/a	ordinary	WriteFMIorII@s1.sounddriver.asm:1712-1717
203	978	6	2	0x72728	0x6630	173214	0x7275A	70	branch	taken	control_flow	WriteFMIorII@s1.sounddriver.asm:1712-1717
204	978	6	2	0x7275A	0x142D	173284	0x7275E	84	linear	n/a	ordinary	WriteFMIIPart@s1.sounddriver.asm:1745-1750
205	978	6	2	0x7275E	0x0882	173368	0x72762	98	linear	n/a	ordinary	WriteFMIIPart@s1.sounddriver.asm:1745-1750
206	978	6	2	0x72762	0xD002	173466	0x72764	28	linear	n/a	ordinary	WriteFMIIPart@s1.sounddriver.asm:1745-1750
207	978	6	2	0x72764	0x1439	173494	0x7276A	119	linear	n/a	ordinary,busy_poll	WriteFMII@s1.sounddriver.asm:1752-1769
208	978	6	2	0x7276A	0x0802	173613	0x7276E	70	linear	n/a	ordinary,busy_poll	WriteFMII@s1.sounddriver.asm:1752-1769
209	978	6	2	0x7276E	0x66F4	173683	0x72764	70	branch	taken	control_flow	WriteFMII@s1.sounddriver.asm:1752-1769
210	978	6	2	0x72764	0x1439	173753	0x7276A	119	linear	n/a	ordinary,busy_poll	WriteFMII@s1.sounddriver.asm:1752-1769
211	978	6	2	0x7276A	0x0802	173872	0x7276E	70	linear	n/a	ordinary,busy_poll	WriteFMII@s1.sounddriver.asm:1752-1769
212	978	6	2	0x7276E	0x66F4	173942	0x72764	70	branch	taken	control_flow	WriteFMII@s1.sounddriver.asm:1752-1769
213	978	6	2	0x72764	0x1439	174012	0x7276A	119	linear	n/a	ordinary,busy_poll	WriteFMII@s1.sounddriver.asm:1752-1769
214	978	6	2	0x7276A	0x0802	174131	0x7276E	70	linear	n/a	ordinary,busy_poll	WriteFMII@s1.sounddriver.asm:1752-1769
215	978	6	2	0x7276E	0x66F4	174201	0x72770	56	branch	not_taken	control_flow	WriteFMII@s1.sounddriver.asm:1752-1769
216	978	6	2	0x72770	0x13C0	174257	0x72776	119	linear	n/a	ordinary	WriteFMII@s1.sounddriver.asm:1752-1769
217	978	6	2	0x72776	0x4E71	174376	0x72778	42	linear	n/a	ordinary	WriteFMII@s1.sounddriver.asm:1752-1769
218	978	6	2	0x72778	0x4E71	174418	0x7277A	28	linear	n/a	ordinary	WriteFMII@s1.sounddriver.asm:1752-1769
219	978	6	2	0x7277A	0x4E71	174446	0x7277C	28	linear	n/a	ordinary	WriteFMII@s1.sounddriver.asm:1752-1769
220	978	6	2	0x7277C	0x1439	174474	0x72782	119	linear	n/a	ordinary,busy_poll	WriteFMII@s1.sounddriver.asm:1752-1769
221	978	6	2	0x72782	0x0802	174593	0x72786	70	linear	n/a	ordinary,busy_poll	WriteFMII@s1.sounddriver.asm:1752-1769
222	978	6	2	0x72786	0x66F4	174663	0x72788	56	branch	not_taken	control_flow,busy_poll	WriteFMII@s1.sounddriver.asm:1752-1769
223	978	6	2	0x72788	0x13C1	174719	0x7278E	119	linear	n/a	ordinary,ym_write	WriteFMII@s1.sounddriver.asm:1752-1769
224	978	7	2	0x7278E	0x4E75	174838	0x72C7A	112	return	target=0x72C7A	control_flow	WriteFMII@s1.sounddriver.asm:1752-1769
225	978	7	2	0x72C7A	0x51CB	174950	0x72C72	70	branch	taken	control_flow	SetVoice@s1.sounddriver.asm:2328-2375
226	978	7	2	0x72C72	0x101A	175020	0x72C74	56	linear	n/a	ordinary	SetVoice@s1.sounddriver.asm:2328-2375
227	978	7	2	0x72C74	0x1219	175076	0x72C76	56	linear	n/a	ordinary	SetVoice@s1.sounddriver.asm:2328-2375
228	978	7	2	0x72C76	0x4EBA	175132	0x72722	126	call	target=0x72722	control_flow	SetVoice@s1.sounddriver.asm:2328-2375
229	978	7	2	0x72722	0x082D	175258	0x72728	112	linear	n/a	ordinary	WriteFMIorII@s1.sounddriver.asm:1712-1717
230	978	7	2	0x72728	0x6630	175370	0x7275A	84	branch	taken	control_flow	WriteFMIorII@s1.sounddriver.asm:1712-1717
231	978	7	2	0x7275A	0x142D	175454	0x7275E	84	linear	n/a	ordinary	WriteFMIIPart@s1.sounddriver.asm:1745-1750
232	978	7	2	0x7275E	0x0882	175538	0x72762	84	linear	n/a	ordinary	WriteFMIIPart@s1.sounddriver.asm:1745-1750
233	978	7	2	0x72762	0xD002	175622	0x72764	28	linear	n/a	ordinary	WriteFMIIPart@s1.sounddriver.asm:1745-1750
234	978	7	2	0x72764	0x1439	175650	0x7276A	119	linear	n/a	ordinary,busy_poll	WriteFMII@s1.sounddriver.asm:1752-1769
235	978	7	2	0x7276A	0x0802	175769	0x7276E	70	linear	n/a	ordinary,busy_poll	WriteFMII@s1.sounddriver.asm:1752-1769
236	978	7	2	0x7276E	0x66F4	175839	0x72764	70	branch	taken	control_flow	WriteFMII@s1.sounddriver.asm:1752-1769
237	978	7	2	0x72764	0x1439	175909	0x7276A	119	linear	n/a	ordinary,busy_poll	WriteFMII@s1.sounddriver.asm:1752-1769
238	978	7	2	0x7276A	0x0802	176028	0x7276E	70	linear	n/a	ordinary,busy_poll	WriteFMII@s1.sounddriver.asm:1752-1769
239	978	7	2	0x7276E	0x66F4	176098	0x72764	70	branch	taken	control_flow	WriteFMII@s1.sounddriver.asm:1752-1769
240	978	7	2	0x72764	0x1439	176168	0x7276A	119	linear	n/a	ordinary,busy_poll	WriteFMII@s1.sounddriver.asm:1752-1769
241	978	7	2	0x7276A	0x0802	176287	0x7276E	84	linear	n/a	ordinary,busy_poll	WriteFMII@s1.sounddriver.asm:1752-1769
242	978	7	2	0x7276E	0x66F4	176371	0x72770	56	branch	not_taken	control_flow	WriteFMII@s1.sounddriver.asm:1752-1769
243	978	7	2	0x72770	0x13C0	176427	0x72776	119	linear	n/a	ordinary	WriteFMII@s1.sounddriver.asm:1752-1769
244	978	7	2	0x72776	0x4E71	176546	0x72778	28	linear	n/a	ordinary	WriteFMII@s1.sounddriver.asm:1752-1769
245	978	7	2	0x72778	0x4E71	176574	0x7277A	28	linear	n/a	ordinary	WriteFMII@s1.sounddriver.asm:1752-1769
246	978	7	2	0x7277A	0x4E71	176602	0x7277C	28	linear	n/a	ordinary	WriteFMII@s1.sounddriver.asm:1752-1769
247	978	7	2	0x7277C	0x1439	176630	0x72782	119	linear	n/a	ordinary,busy_poll	WriteFMII@s1.sounddriver.asm:1752-1769
248	978	7	2	0x72782	0x0802	176749	0x72786	70	linear	n/a	ordinary,busy_poll	WriteFMII@s1.sounddriver.asm:1752-1769
249	978	7	2	0x72786	0x66F4	176819	0x72788	56	branch	not_taken	control_flow,busy_poll	WriteFMII@s1.sounddriver.asm:1752-1769
250	978	7	2	0x72788	0x13C1	176875	0x7278E	119	linear	n/a	ordinary,ym_write	WriteFMII@s1.sounddriver.asm:1752-1769
251	978	8	2	0x7278E	0x4E75	176994	0x72C7A	112	return	target=0x72C7A	control_flow	WriteFMII@s1.sounddriver.asm:1752-1769
252	978	8	2	0x72C7A	0x51CB	177106	0x72C72	70	branch	taken	control_flow	SetVoice@s1.sounddriver.asm:2328-2375
253	978	8	2	0x72C72	0x101A	177176	0x72C74	56	linear	n/a	ordinary	SetVoice@s1.sounddriver.asm:2328-2375
254	978	8	2	0x72C74	0x1219	177232	0x72C76	70	linear	n/a	ordinary	SetVoice@s1.sounddriver.asm:2328-2375
255	978	8	2	0x72C76	0x4EBA	177302	0x72722	126	call	target=0x72722	control_flow	SetVoice@s1.sounddriver.asm:2328-2375
256	978	8	2	0x72722	0x082D	177428	0x72728	112	linear	n/a	ordinary	WriteFMIorII@s1.sounddriver.asm:1712-1717
257	978	8	2	0x72728	0x6630	177540	0x7275A	70	branch	taken	control_flow	WriteFMIorII@s1.sounddriver.asm:1712-1717
258	978	8	2	0x7275A	0x142D	177610	0x7275E	84	linear	n/a	ordinary	WriteFMIIPart@s1.sounddriver.asm:1745-1750
259	978	8	2	0x7275E	0x0882	177694	0x72762	84	linear	n/a	ordinary	WriteFMIIPart@s1.sounddriver.asm:1745-1750
260	978	8	2	0x72762	0xD002	177778	0x72764	28	linear	n/a	ordinary	WriteFMIIPart@s1.sounddriver.asm:1745-1750
261	978	8	2	0x72764	0x1439	177806	0x7276A	119	linear	n/a	ordinary,busy_poll	WriteFMII@s1.sounddriver.asm:1752-1769
262	978	8	2	0x7276A	0x0802	177925	0x7276E	70	linear	n/a	ordinary,busy_poll	WriteFMII@s1.sounddriver.asm:1752-1769
263	978	8	2	0x7276E	0x66F4	177995	0x72764	70	branch	taken	control_flow	WriteFMII@s1.sounddriver.asm:1752-1769
264	978	8	2	0x72764	0x1439	178065	0x7276A	119	linear	n/a	ordinary,busy_poll	WriteFMII@s1.sounddriver.asm:1752-1769
265	978	8	2	0x7276A	0x0802	178184	0x7276E	84	linear	n/a	ordinary,busy_poll	WriteFMII@s1.sounddriver.asm:1752-1769
266	978	8	2	0x7276E	0x66F4	178268	0x72764	70	branch	taken	control_flow	WriteFMII@s1.sounddriver.asm:1752-1769
267	978	8	2	0x72764	0x1439	178338	0x7276A	119	linear	n/a	ordinary,busy_poll	WriteFMII@s1.sounddriver.asm:1752-1769
268	978	8	2	0x7276A	0x0802	178457	0x7276E	70	linear	n/a	ordinary,busy_poll	WriteFMII@s1.sounddriver.asm:1752-1769
269	978	8	2	0x7276E	0x66F4	178527	0x72770	56	branch	not_taken	control_flow	WriteFMII@s1.sounddriver.asm:1752-1769
270	978	8	2	0x72770	0x13C0	178583	0x72776	119	linear	n/a	ordinary	WriteFMII@s1.sounddriver.asm:1752-1769
271	978	8	2	0x72776	0x4E71	178702	0x72778	28	linear	n/a	ordinary	WriteFMII@s1.sounddriver.asm:1752-1769
272	978	8	2	0x72778	0x4E71	178730	0x7277A	28	linear	n/a	ordinary	WriteFMII@s1.sounddriver.asm:1752-1769
273	978	8	2	0x7277A	0x4E71	178758	0x7277C	28	linear	n/a	ordinary	WriteFMII@s1.sounddriver.asm:1752-1769
274	978	8	2	0x7277C	0x1439	178786	0x72782	119	linear	n/a	ordinary,busy_poll	WriteFMII@s1.sounddriver.asm:1752-1769
275	978	8	2	0x72782	0x0802	178905	0x72786	70	linear	n/a	ordinary,busy_poll	WriteFMII@s1.sounddriver.asm:1752-1769
276	978	8	2	0x72786	0x66F4	178975	0x72788	56	branch	not_taken	control_flow,busy_poll	WriteFMII@s1.sounddriver.asm:1752-1769
277	978	8	2	0x72788	0x13C1	179031	0x7278E	119	linear	n/a	ordinary,ym_write	WriteFMII@s1.sounddriver.asm:1752-1769
278	978	9	2	0x7278E	0x4E75	179150	0x72C7A	126	return	target=0x72C7A	control_flow	WriteFMII@s1.sounddriver.asm:1752-1769
279	978	9	2	0x72C7A	0x51CB	179276	0x72C72	70	branch	taken	control_flow	SetVoice@s1.sounddriver.asm:2328-2375
280	978	9	2	0x72C72	0x101A	179346	0x72C74	56	linear	n/a	ordinary	SetVoice@s1.sounddriver.asm:2328-2375
281	978	9	2	0x72C74	0x1219	179402	0x72C76	56	linear	n/a	ordinary	SetVoice@s1.sounddriver.asm:2328-2375
282	978	9	2	0x72C76	0x4EBA	179458	0x72722	126	call	target=0x72722	control_flow	SetVoice@s1.sounddriver.asm:2328-2375
283	978	9	2	0x72722	0x082D	179584	0x72728	112	linear	n/a	ordinary	WriteFMIorII@s1.sounddriver.asm:1712-1717
284	978	9	2	0x72728	0x6630	179696	0x7275A	70	branch	taken	control_flow	WriteFMIorII@s1.sounddriver.asm:1712-1717
285	978	9	2	0x7275A	0x142D	179766	0x7275E	84	linear	n/a	ordinary	WriteFMIIPart@s1.sounddriver.asm:1745-1750
286	978	9	2	0x7275E	0x0882	179850	0x72762	84	linear	n/a	ordinary	WriteFMIIPart@s1.sounddriver.asm:1745-1750
287	978	9	2	0x72762	0xD002	179934	0x72764	28	linear	n/a	ordinary	WriteFMIIPart@s1.sounddriver.asm:1745-1750
288	978	9	2	0x72764	0x1439	179962	0x7276A	119	linear	n/a	ordinary,busy_poll	WriteFMII@s1.sounddriver.asm:1752-1769
289	978	9	2	0x7276A	0x0802	180081	0x7276E	84	linear	n/a	ordinary,busy_poll	WriteFMII@s1.sounddriver.asm:1752-1769
290	978	9	2	0x7276E	0x66F4	180165	0x72764	70	branch	taken	control_flow	WriteFMII@s1.sounddriver.asm:1752-1769
291	978	9	2	0x72764	0x1439	180235	0x7276A	119	linear	n/a	ordinary,busy_poll	WriteFMII@s1.sounddriver.asm:1752-1769
292	978	9	2	0x7276A	0x0802	180354	0x7276E	70	linear	n/a	ordinary,busy_poll	WriteFMII@s1.sounddriver.asm:1752-1769
293	978	9	2	0x7276E	0x66F4	180424	0x72764	70	branch	taken	control_flow	WriteFMII@s1.sounddriver.asm:1752-1769
294	978	9	2	0x72764	0x1439	180494	0x7276A	119	linear	n/a	ordinary,busy_poll	WriteFMII@s1.sounddriver.asm:1752-1769
295	978	9	2	0x7276A	0x0802	180613	0x7276E	70	linear	n/a	ordinary,busy_poll	WriteFMII@s1.sounddriver.asm:1752-1769
296	978	9	2	0x7276E	0x66F4	180683	0x72770	56	branch	not_taken	control_flow	WriteFMII@s1.sounddriver.asm:1752-1769
297	978	9	2	0x72770	0x13C0	180739	0x72776	119	linear	n/a	ordinary	WriteFMII@s1.sounddriver.asm:1752-1769
298	978	9	2	0x72776	0x4E71	180858	0x72778	28	linear	n/a	ordinary	WriteFMII@s1.sounddriver.asm:1752-1769
299	978	9	2	0x72778	0x4E71	180886	0x7277A	28	linear	n/a	ordinary	WriteFMII@s1.sounddriver.asm:1752-1769
300	978	9	2	0x7277A	0x4E71	180914	0x7277C	28	linear	n/a	ordinary	WriteFMII@s1.sounddriver.asm:1752-1769
301	978	9	2	0x7277C	0x1439	180942	0x72782	119	linear	n/a	ordinary,busy_poll	WriteFMII@s1.sounddriver.asm:1752-1769
302	978	9	2	0x72782	0x0802	181061	0x72786	84	linear	n/a	ordinary,busy_poll	WriteFMII@s1.sounddriver.asm:1752-1769
303	978	9	2	0x72786	0x66F4	181145	0x72788	56	branch	not_taken	control_flow,busy_poll	WriteFMII@s1.sounddriver.asm:1752-1769
304	978	9	2	0x72788	0x13C1	181201	0x7278E	119	linear	n/a	ordinary,ym_write	WriteFMII@s1.sounddriver.asm:1752-1769
305	978	10	2	0x7278E	0x4E75	181320	0x72C7A	112	return	target=0x72C7A	control_flow	WriteFMII@s1.sounddriver.asm:1752-1769
306	978	10	2	0x72C7A	0x51CB	181432	0x72C72	70	branch	taken	control_flow	SetVoice@s1.sounddriver.asm:2328-2375
307	978	10	2	0x72C72	0x101A	181502	0x72C74	56	linear	n/a	ordinary	SetVoice@s1.sounddriver.asm:2328-2375
308	978	10	2	0x72C74	0x1219	181558	0x72C76	56	linear	n/a	ordinary	SetVoice@s1.sounddriver.asm:2328-2375
309	978	10	2	0x72C76	0x4EBA	181614	0x72722	126	call	target=0x72722	control_flow	SetVoice@s1.sounddriver.asm:2328-2375
310	978	10	2	0x72722	0x082D	181740	0x72728	112	linear	n/a	ordinary	WriteFMIorII@s1.sounddriver.asm:1712-1717
311	978	10	2	0x72728	0x6630	181852	0x7275A	70	branch	taken	control_flow	WriteFMIorII@s1.sounddriver.asm:1712-1717
312	978	10	2	0x7275A	0x142D	181922	0x7275E	84	linear	n/a	ordinary	WriteFMIIPart@s1.sounddriver.asm:1745-1750
313	978	10	2	0x7275E	0x0882	182006	0x72762	98	linear	n/a	ordinary	WriteFMIIPart@s1.sounddriver.asm:1745-1750
314	978	10	2	0x72762	0xD002	182104	0x72764	28	linear	n/a	ordinary	WriteFMIIPart@s1.sounddriver.asm:1745-1750
315	978	10	2	0x72764	0x1439	182132	0x7276A	119	linear	n/a	ordinary,busy_poll	WriteFMII@s1.sounddriver.asm:1752-1769
316	978	10	2	0x7276A	0x0802	182251	0x7276E	70	linear	n/a	ordinary,busy_poll	WriteFMII@s1.sounddriver.asm:1752-1769
317	978	10	2	0x7276E	0x66F4	182321	0x72764	70	branch	taken	control_flow	WriteFMII@s1.sounddriver.asm:1752-1769
318	978	10	2	0x72764	0x1439	182391	0x7276A	119	linear	n/a	ordinary,busy_poll	WriteFMII@s1.sounddriver.asm:1752-1769
319	978	10	2	0x7276A	0x0802	182510	0x7276E	70	linear	n/a	ordinary,busy_poll	WriteFMII@s1.sounddriver.asm:1752-1769
320	978	10	2	0x7276E	0x66F4	182580	0x72764	70	branch	taken	control_flow	WriteFMII@s1.sounddriver.asm:1752-1769
321	978	10	2	0x72764	0x1439	182650	0x7276A	119	linear	n/a	ordinary,busy_poll	WriteFMII@s1.sounddriver.asm:1752-1769
322	978	10	2	0x7276A	0x0802	182769	0x7276E	70	linear	n/a	ordinary,busy_poll	WriteFMII@s1.sounddriver.asm:1752-1769
323	978	10	2	0x7276E	0x66F4	182839	0x72770	56	branch	not_taken	control_flow	WriteFMII@s1.sounddriver.asm:1752-1769
324	978	10	2	0x72770	0x13C0	182895	0x72776	119	linear	n/a	ordinary	WriteFMII@s1.sounddriver.asm:1752-1769
325	978	10	2	0x72776	0x4E71	183014	0x72778	42	linear	n/a	ordinary	WriteFMII@s1.sounddriver.asm:1752-1769
326	978	10	2	0x72778	0x4E71	183056	0x7277A	28	linear	n/a	ordinary	WriteFMII@s1.sounddriver.asm:1752-1769
327	978	10	2	0x7277A	0x4E71	183084	0x7277C	28	linear	n/a	ordinary	WriteFMII@s1.sounddriver.asm:1752-1769
328	978	10	2	0x7277C	0x1439	183112	0x72782	119	linear	n/a	ordinary,busy_poll	WriteFMII@s1.sounddriver.asm:1752-1769
329	978	10	2	0x72782	0x0802	183231	0x72786	70	linear	n/a	ordinary,busy_poll	WriteFMII@s1.sounddriver.asm:1752-1769
330	978	10	2	0x72786	0x66F4	183301	0x72788	56	branch	not_taken	control_flow,busy_poll	WriteFMII@s1.sounddriver.asm:1752-1769
331	978	10	2	0x72788	0x13C1	183357	0x7278E	119	linear	n/a	ordinary,ym_write	WriteFMII@s1.sounddriver.asm:1752-1769
332	978	11	2	0x7278E	0x4E75	183476	0x72C7A	112	return	target=0x72C7A	control_flow	WriteFMII@s1.sounddriver.asm:1752-1769
333	978	11	2	0x72C7A	0x51CB	183588	0x72C72	70	branch	taken	control_flow	SetVoice@s1.sounddriver.asm:2328-2375
334	978	11	2	0x72C72	0x101A	183658	0x72C74	56	linear	n/a	ordinary	SetVoice@s1.sounddriver.asm:2328-2375
335	978	11	2	0x72C74	0x1219	183714	0x72C76	56	linear	n/a	ordinary	SetVoice@s1.sounddriver.asm:2328-2375
336	978	11	2	0x72C76	0x4EBA	183770	0x72722	126	call	target=0x72722	control_flow	SetVoice@s1.sounddriver.asm:2328-2375
337	978	11	2	0x72722	0x082D	183896	0x72728	112	linear	n/a	ordinary	WriteFMIorII@s1.sounddriver.asm:1712-1717
338	978	11	2	0x72728	0x6630	184008	0x7275A	84	branch	taken	control_flow	WriteFMIorII@s1.sounddriver.asm:1712-1717
339	978	11	2	0x7275A	0x142D	184092	0x7275E	84	linear	n/a	ordinary	WriteFMIIPart@s1.sounddriver.asm:1745-1750
340	978	11	2	0x7275E	0x0882	184176	0x72762	84	linear	n/a	ordinary	WriteFMIIPart@s1.sounddriver.asm:1745-1750
341	978	11	2	0x72762	0xD002	184260	0x72764	28	linear	n/a	ordinary	WriteFMIIPart@s1.sounddriver.asm:1745-1750
342	978	11	2	0x72764	0x1439	184288	0x7276A	119	linear	n/a	ordinary,busy_poll	WriteFMII@s1.sounddriver.asm:1752-1769
343	978	11	2	0x7276A	0x0802	184407	0x7276E	70	linear	n/a	ordinary,busy_poll	WriteFMII@s1.sounddriver.asm:1752-1769
344	978	11	2	0x7276E	0x66F4	184477	0x72764	70	branch	taken	control_flow	WriteFMII@s1.sounddriver.asm:1752-1769
345	978	11	2	0x72764	0x1439	184547	0x7276A	119	linear	n/a	ordinary,busy_poll	WriteFMII@s1.sounddriver.asm:1752-1769
346	978	11	2	0x7276A	0x0802	184666	0x7276E	70	linear	n/a	ordinary,busy_poll	WriteFMII@s1.sounddriver.asm:1752-1769
347	978	11	2	0x7276E	0x66F4	184736	0x72764	70	branch	taken	control_flow	WriteFMII@s1.sounddriver.asm:1752-1769
348	978	11	2	0x72764	0x1439	184806	0x7276A	119	linear	n/a	ordinary,busy_poll	WriteFMII@s1.sounddriver.asm:1752-1769
349	978	11	2	0x7276A	0x0802	184925	0x7276E	84	linear	n/a	ordinary,busy_poll	WriteFMII@s1.sounddriver.asm:1752-1769
350	978	11	2	0x7276E	0x66F4	185009	0x72770	56	branch	not_taken	control_flow	WriteFMII@s1.sounddriver.asm:1752-1769
351	978	11	2	0x72770	0x13C0	185065	0x72776	119	linear	n/a	ordinary	WriteFMII@s1.sounddriver.asm:1752-1769
352	978	11	2	0x72776	0x4E71	185184	0x72778	28	linear	n/a	ordinary	WriteFMII@s1.sounddriver.asm:1752-1769
353	978	11	2	0x72778	0x4E71	185212	0x7277A	28	linear	n/a	ordinary	WriteFMII@s1.sounddriver.asm:1752-1769
354	978	11	2	0x7277A	0x4E71	185240	0x7277C	28	linear	n/a	ordinary	WriteFMII@s1.sounddriver.asm:1752-1769
355	978	11	2	0x7277C	0x1439	185268	0x72782	119	linear	n/a	ordinary,busy_poll	WriteFMII@s1.sounddriver.asm:1752-1769
356	978	11	2	0x72782	0x0802	185387	0x72786	70	linear	n/a	ordinary,busy_poll	WriteFMII@s1.sounddriver.asm:1752-1769
357	978	11	2	0x72786	0x66F4	185457	0x72788	56	branch	not_taken	control_flow,busy_poll	WriteFMII@s1.sounddriver.asm:1752-1769
358	978	11	2	0x72788	0x13C1	185513	0x7278E	119	linear	n/a	ordinary,ym_write	WriteFMII@s1.sounddriver.asm:1752-1769
359	978	12	2	0x7278E	0x4E75	185632	0x72C7A	112	return	target=0x72C7A	control_flow	WriteFMII@s1.sounddriver.asm:1752-1769
360	978	12	2	0x72C7A	0x51CB	185744	0x72C72	70	branch	taken	control_flow	SetVoice@s1.sounddriver.asm:2328-2375
361	978	12	2	0x72C72	0x101A	185814	0x72C74	56	linear	n/a	ordinary	SetVoice@s1.sounddriver.asm:2328-2375
362	978	12	2	0x72C74	0x1219	185870	0x72C76	70	linear	n/a	ordinary	SetVoice@s1.sounddriver.asm:2328-2375
363	978	12	2	0x72C76	0x4EBA	185940	0x72722	126	call	target=0x72722	control_flow	SetVoice@s1.sounddriver.asm:2328-2375
364	978	12	2	0x72722	0x082D	186066	0x72728	112	linear	n/a	ordinary	WriteFMIorII@s1.sounddriver.asm:1712-1717
365	978	12	2	0x72728	0x6630	186178	0x7275A	70	branch	taken	control_flow	WriteFMIorII@s1.sounddriver.asm:1712-1717
366	978	12	2	0x7275A	0x142D	186248	0x7275E	84	linear	n/a	ordinary	WriteFMIIPart@s1.sounddriver.asm:1745-1750
367	978	12	2	0x7275E	0x0882	186332	0x72762	84	linear	n/a	ordinary	WriteFMIIPart@s1.sounddriver.asm:1745-1750
368	978	12	2	0x72762	0xD002	186416	0x72764	28	linear	n/a	ordinary	WriteFMIIPart@s1.sounddriver.asm:1745-1750
369	978	12	2	0x72764	0x1439	186444	0x7276A	119	linear	n/a	ordinary,busy_poll	WriteFMII@s1.sounddriver.asm:1752-1769
370	978	12	2	0x7276A	0x0802	186563	0x7276E	70	linear	n/a	ordinary,busy_poll	WriteFMII@s1.sounddriver.asm:1752-1769
371	978	12	2	0x7276E	0x66F4	186633	0x72764	70	branch	taken	control_flow	WriteFMII@s1.sounddriver.asm:1752-1769
372	978	12	2	0x72764	0x1439	186703	0x7276A	119	linear	n/a	ordinary,busy_poll	WriteFMII@s1.sounddriver.asm:1752-1769
373	978	12	2	0x7276A	0x0802	186822	0x7276E	84	linear	n/a	ordinary,busy_poll	WriteFMII@s1.sounddriver.asm:1752-1769
374	978	12	2	0x7276E	0x66F4	186906	0x72764	70	branch	taken	control_flow	WriteFMII@s1.sounddriver.asm:1752-1769
375	978	12	2	0x72764	0x1439	186976	0x7276A	119	linear	n/a	ordinary,busy_poll	WriteFMII@s1.sounddriver.asm:1752-1769
376	978	12	2	0x7276A	0x0802	187095	0x7276E	70	linear	n/a	ordinary,busy_poll	WriteFMII@s1.sounddriver.asm:1752-1769
377	978	12	2	0x7276E	0x66F4	187165	0x72770	56	branch	not_taken	control_flow	WriteFMII@s1.sounddriver.asm:1752-1769
378	978	12	2	0x72770	0x13C0	187221	0x72776	119	linear	n/a	ordinary	WriteFMII@s1.sounddriver.asm:1752-1769
379	978	12	2	0x72776	0x4E71	187340	0x72778	28	linear	n/a	ordinary	WriteFMII@s1.sounddriver.asm:1752-1769
380	978	12	2	0x72778	0x4E71	187368	0x7277A	28	linear	n/a	ordinary	WriteFMII@s1.sounddriver.asm:1752-1769
381	978	12	2	0x7277A	0x4E71	187396	0x7277C	28	linear	n/a	ordinary	WriteFMII@s1.sounddriver.asm:1752-1769
382	978	12	2	0x7277C	0x1439	187424	0x72782	119	linear	n/a	ordinary,busy_poll	WriteFMII@s1.sounddriver.asm:1752-1769
383	978	12	2	0x72782	0x0802	187543	0x72786	70	linear	n/a	ordinary,busy_poll	WriteFMII@s1.sounddriver.asm:1752-1769
384	978	12	2	0x72786	0x66F4	187613	0x72788	56	branch	not_taken	control_flow,busy_poll	WriteFMII@s1.sounddriver.asm:1752-1769
385	978	12	2	0x72788	0x13C1	187669	0x7278E	119	linear	n/a	ordinary,ym_write	WriteFMII@s1.sounddriver.asm:1752-1769
386	978	13	2	0x7278E	0x4E75	187788	0x72C7A	126	return	target=0x72C7A	control_flow	WriteFMII@s1.sounddriver.asm:1752-1769
387	978	13	2	0x72C7A	0x51CB	187914	0x72C72	70	branch	taken	control_flow	SetVoice@s1.sounddriver.asm:2328-2375
388	978	13	2	0x72C72	0x101A	187984	0x72C74	56	linear	n/a	ordinary	SetVoice@s1.sounddriver.asm:2328-2375
389	978	13	2	0x72C74	0x1219	188040	0x72C76	56	linear	n/a	ordinary	SetVoice@s1.sounddriver.asm:2328-2375
390	978	13	2	0x72C76	0x4EBA	188096	0x72722	126	call	target=0x72722	control_flow	SetVoice@s1.sounddriver.asm:2328-2375
391	978	13	2	0x72722	0x082D	188222	0x72728	112	linear	n/a	ordinary	WriteFMIorII@s1.sounddriver.asm:1712-1717
392	978	13	2	0x72728	0x6630	188334	0x7275A	70	branch	taken	control_flow	WriteFMIorII@s1.sounddriver.asm:1712-1717
393	978	13	2	0x7275A	0x142D	188404	0x7275E	84	linear	n/a	ordinary	WriteFMIIPart@s1.sounddriver.asm:1745-1750
394	978	13	2	0x7275E	0x0882	188488	0x72762	84	linear	n/a	ordinary	WriteFMIIPart@s1.sounddriver.asm:1745-1750
395	978	13	2	0x72762	0xD002	188572	0x72764	28	linear	n/a	ordinary	WriteFMIIPart@s1.sounddriver.asm:1745-1750
396	978	13	2	0x72764	0x1439	188600	0x7276A	119	linear	n/a	ordinary,busy_poll	WriteFMII@s1.sounddriver.asm:1752-1769
397	978	13	2	0x7276A	0x0802	188719	0x7276E	84	linear	n/a	ordinary,busy_poll	WriteFMII@s1.sounddriver.asm:1752-1769
398	978	13	2	0x7276E	0x66F4	188803	0x72764	70	branch	taken	control_flow	WriteFMII@s1.sounddriver.asm:1752-1769
399	978	13	2	0x72764	0x1439	188873	0x7276A	119	linear	n/a	ordinary,busy_poll	WriteFMII@s1.sounddriver.asm:1752-1769
400	978	13	2	0x7276A	0x0802	188992	0x7276E	70	linear	n/a	ordinary,busy_poll	WriteFMII@s1.sounddriver.asm:1752-1769
401	978	13	2	0x7276E	0x66F4	189062	0x72764	70	branch	taken	control_flow	WriteFMII@s1.sounddriver.asm:1752-1769
402	978	13	2	0x72764	0x1439	189132	0x7276A	119	linear	n/a	ordinary,busy_poll	WriteFMII@s1.sounddriver.asm:1752-1769
403	978	13	2	0x7276A	0x0802	189251	0x7276E	70	linear	n/a	ordinary,busy_poll	WriteFMII@s1.sounddriver.asm:1752-1769
404	978	13	2	0x7276E	0x66F4	189321	0x72770	56	branch	not_taken	control_flow	WriteFMII@s1.sounddriver.asm:1752-1769
405	978	13	2	0x72770	0x13C0	189377	0x72776	119	linear	n/a	ordinary	WriteFMII@s1.sounddriver.asm:1752-1769
406	978	13	2	0x72776	0x4E71	189496	0x72778	28	linear	n/a	ordinary	WriteFMII@s1.sounddriver.asm:1752-1769
407	978	13	2	0x72778	0x4E71	189524	0x7277A	28	linear	n/a	ordinary	WriteFMII@s1.sounddriver.asm:1752-1769
408	978	13	2	0x7277A	0x4E71	189552	0x7277C	28	linear	n/a	ordinary	WriteFMII@s1.sounddriver.asm:1752-1769
409	978	13	2	0x7277C	0x1439	189580	0x72782	119	linear	n/a	ordinary,busy_poll	WriteFMII@s1.sounddriver.asm:1752-1769
410	978	13	2	0x72782	0x0802	189699	0x72786	84	linear	n/a	ordinary,busy_poll	WriteFMII@s1.sounddriver.asm:1752-1769
411	978	13	2	0x72786	0x66F4	189783	0x72788	56	branch	not_taken	control_flow,busy_poll	WriteFMII@s1.sounddriver.asm:1752-1769
412	978	13	2	0x72788	0x13C1	189839	0x7278E	119	linear	n/a	ordinary,ym_write	WriteFMII@s1.sounddriver.asm:1752-1769
413	978	14	2	0x7278E	0x4E75	189958	0x72C7A	112	return	target=0x72C7A	control_flow	WriteFMII@s1.sounddriver.asm:1752-1769
414	978	14	2	0x72C7A	0x51CB	190070	0x72C72	70	branch	taken	control_flow	SetVoice@s1.sounddriver.asm:2328-2375
415	978	14	2	0x72C72	0x101A	190140	0x72C74	56	linear	n/a	ordinary	SetVoice@s1.sounddriver.asm:2328-2375
416	978	14	2	0x72C74	0x1219	190196	0x72C76	56	linear	n/a	ordinary	SetVoice@s1.sounddriver.asm:2328-2375
417	978	14	2	0x72C76	0x4EBA	190252	0x72722	126	call	target=0x72722	control_flow	SetVoice@s1.sounddriver.asm:2328-2375
418	978	14	2	0x72722	0x082D	190378	0x72728	112	linear	n/a	ordinary	WriteFMIorII@s1.sounddriver.asm:1712-1717
419	978	14	2	0x72728	0x6630	190490	0x7275A	70	branch	taken	control_flow	WriteFMIorII@s1.sounddriver.asm:1712-1717
420	978	14	2	0x7275A	0x142D	190560	0x7275E	84	linear	n/a	ordinary	WriteFMIIPart@s1.sounddriver.asm:1745-1750
421	978	14	2	0x7275E	0x0882	190644	0x72762	98	linear	n/a	ordinary	WriteFMIIPart@s1.sounddriver.asm:1745-1750
422	978	14	2	0x72762	0xD002	190742	0x72764	28	linear	n/a	ordinary	WriteFMIIPart@s1.sounddriver.asm:1745-1750
423	978	14	2	0x72764	0x1439	190770	0x7276A	119	linear	n/a	ordinary,busy_poll	WriteFMII@s1.sounddriver.asm:1752-1769
424	978	14	2	0x7276A	0x0802	190889	0x7276E	70	linear	n/a	ordinary,busy_poll	WriteFMII@s1.sounddriver.asm:1752-1769
425	978	14	2	0x7276E	0x66F4	190959	0x72764	70	branch	taken	control_flow	WriteFMII@s1.sounddriver.asm:1752-1769
426	978	14	2	0x72764	0x1439	191029	0x7276A	119	linear	n/a	ordinary,busy_poll	WriteFMII@s1.sounddriver.asm:1752-1769
427	978	14	2	0x7276A	0x0802	191148	0x7276E	70	linear	n/a	ordinary,busy_poll	WriteFMII@s1.sounddriver.asm:1752-1769
428	978	14	2	0x7276E	0x66F4	191218	0x72764	70	branch	taken	control_flow	WriteFMII@s1.sounddriver.asm:1752-1769
429	978	14	2	0x72764	0x1439	191288	0x7276A	119	linear	n/a	ordinary,busy_poll	WriteFMII@s1.sounddriver.asm:1752-1769
430	978	14	2	0x7276A	0x0802	191407	0x7276E	70	linear	n/a	ordinary,busy_poll	WriteFMII@s1.sounddriver.asm:1752-1769
431	978	14	2	0x7276E	0x66F4	191477	0x72770	56	branch	not_taken	control_flow	WriteFMII@s1.sounddriver.asm:1752-1769
432	978	14	2	0x72770	0x13C0	191533	0x72776	119	linear	n/a	ordinary	WriteFMII@s1.sounddriver.asm:1752-1769
433	978	14	2	0x72776	0x4E71	191652	0x72778	42	linear	n/a	ordinary	WriteFMII@s1.sounddriver.asm:1752-1769
434	978	14	2	0x72778	0x4E71	191694	0x7277A	28	linear	n/a	ordinary	WriteFMII@s1.sounddriver.asm:1752-1769
435	978	14	2	0x7277A	0x4E71	191722	0x7277C	28	linear	n/a	ordinary	WriteFMII@s1.sounddriver.asm:1752-1769
436	978	14	2	0x7277C	0x1439	191750	0x72782	119	linear	n/a	ordinary,busy_poll	WriteFMII@s1.sounddriver.asm:1752-1769
437	978	14	2	0x72782	0x0802	191869	0x72786	70	linear	n/a	ordinary,busy_poll	WriteFMII@s1.sounddriver.asm:1752-1769
438	978	14	2	0x72786	0x66F4	191939	0x72788	56	branch	not_taken	control_flow,busy_poll	WriteFMII@s1.sounddriver.asm:1752-1769
439	978	14	2	0x72788	0x13C1	191995	0x7278E	119	linear	n/a	ordinary,ym_write	WriteFMII@s1.sounddriver.asm:1752-1769
440	978	15	2	0x7278E	0x4E75	192114	0x72C7A	112	return	target=0x72C7A	control_flow	WriteFMII@s1.sounddriver.asm:1752-1769
441	978	15	2	0x72C7A	0x51CB	192226	0x72C72	70	branch	taken	control_flow	SetVoice@s1.sounddriver.asm:2328-2375
442	978	15	2	0x72C72	0x101A	192296	0x72C74	56	linear	n/a	ordinary	SetVoice@s1.sounddriver.asm:2328-2375
443	978	15	2	0x72C74	0x1219	192352	0x72C76	56	linear	n/a	ordinary	SetVoice@s1.sounddriver.asm:2328-2375
444	978	15	2	0x72C76	0x4EBA	192408	0x72722	126	call	target=0x72722	control_flow	SetVoice@s1.sounddriver.asm:2328-2375
445	978	15	2	0x72722	0x082D	192534	0x72728	112	linear	n/a	ordinary	WriteFMIorII@s1.sounddriver.asm:1712-1717
446	978	15	2	0x72728	0x6630	192646	0x7275A	84	branch	taken	control_flow	WriteFMIorII@s1.sounddriver.asm:1712-1717
447	978	15	2	0x7275A	0x142D	192730	0x7275E	84	linear	n/a	ordinary	WriteFMIIPart@s1.sounddriver.asm:1745-1750
448	978	15	2	0x7275E	0x0882	192814	0x72762	84	linear	n/a	ordinary	WriteFMIIPart@s1.sounddriver.asm:1745-1750
449	978	15	2	0x72762	0xD002	192898	0x72764	28	linear	n/a	ordinary	WriteFMIIPart@s1.sounddriver.asm:1745-1750
450	978	15	2	0x72764	0x1439	192926	0x7276A	119	linear	n/a	ordinary,busy_poll	WriteFMII@s1.sounddriver.asm:1752-1769
451	978	15	2	0x7276A	0x0802	193045	0x7276E	70	linear	n/a	ordinary,busy_poll	WriteFMII@s1.sounddriver.asm:1752-1769
452	978	15	2	0x7276E	0x66F4	193115	0x72764	70	branch	taken	control_flow	WriteFMII@s1.sounddriver.asm:1752-1769
453	978	15	2	0x72764	0x1439	193185	0x7276A	119	linear	n/a	ordinary,busy_poll	WriteFMII@s1.sounddriver.asm:1752-1769
454	978	15	2	0x7276A	0x0802	193304	0x7276E	70	linear	n/a	ordinary,busy_poll	WriteFMII@s1.sounddriver.asm:1752-1769
455	978	15	2	0x7276E	0x66F4	193374	0x72764	70	branch	taken	control_flow	WriteFMII@s1.sounddriver.asm:1752-1769
456	978	15	2	0x72764	0x1439	193444	0x7276A	119	linear	n/a	ordinary,busy_poll	WriteFMII@s1.sounddriver.asm:1752-1769
457	978	15	2	0x7276A	0x0802	193563	0x7276E	84	linear	n/a	ordinary,busy_poll	WriteFMII@s1.sounddriver.asm:1752-1769
458	978	15	2	0x7276E	0x66F4	193647	0x72770	56	branch	not_taken	control_flow	WriteFMII@s1.sounddriver.asm:1752-1769
459	978	15	2	0x72770	0x13C0	193703	0x72776	119	linear	n/a	ordinary	WriteFMII@s1.sounddriver.asm:1752-1769
460	978	15	2	0x72776	0x4E71	193822	0x72778	28	linear	n/a	ordinary	WriteFMII@s1.sounddriver.asm:1752-1769
461	978	15	2	0x72778	0x4E71	193850	0x7277A	28	linear	n/a	ordinary	WriteFMII@s1.sounddriver.asm:1752-1769
462	978	15	2	0x7277A	0x4E71	193878	0x7277C	28	linear	n/a	ordinary	WriteFMII@s1.sounddriver.asm:1752-1769
463	978	15	2	0x7277C	0x1439	193906	0x72782	119	linear	n/a	ordinary,busy_poll	WriteFMII@s1.sounddriver.asm:1752-1769
464	978	15	2	0x72782	0x0802	194025	0x72786	70	linear	n/a	ordinary,busy_poll	WriteFMII@s1.sounddriver.asm:1752-1769
465	978	15	2	0x72786	0x66F4	194095	0x72788	56	branch	not_taken	control_flow,busy_poll	WriteFMII@s1.sounddriver.asm:1752-1769
466	978	15	2	0x72788	0x13C1	194151	0x7278E	119	linear	n/a	ordinary,ym_write	WriteFMII@s1.sounddriver.asm:1752-1769
467	978	16	2	0x7278E	0x4E75	194270	0x72C7A	112	return	target=0x72C7A	control_flow	WriteFMII@s1.sounddriver.asm:1752-1769
468	978	16	2	0x72C7A	0x51CB	194382	0x72C72	70	branch	taken	control_flow	SetVoice@s1.sounddriver.asm:2328-2375
469	978	16	2	0x72C72	0x101A	194452	0x72C74	56	linear	n/a	ordinary	SetVoice@s1.sounddriver.asm:2328-2375
470	978	16	2	0x72C74	0x1219	194508	0x72C76	70	linear	n/a	ordinary	SetVoice@s1.sounddriver.asm:2328-2375
471	978	16	2	0x72C76	0x4EBA	194578	0x72722	126	call	target=0x72722	control_flow	SetVoice@s1.sounddriver.asm:2328-2375
472	978	16	2	0x72722	0x082D	194704	0x72728	112	linear	n/a	ordinary	WriteFMIorII@s1.sounddriver.asm:1712-1717
473	978	16	2	0x72728	0x6630	194816	0x7275A	70	branch	taken	control_flow	WriteFMIorII@s1.sounddriver.asm:1712-1717
474	978	16	2	0x7275A	0x142D	194886	0x7275E	84	linear	n/a	ordinary	WriteFMIIPart@s1.sounddriver.asm:1745-1750
475	978	16	2	0x7275E	0x0882	194970	0x72762	84	linear	n/a	ordinary	WriteFMIIPart@s1.sounddriver.asm:1745-1750
476	978	16	2	0x72762	0xD002	195054	0x72764	28	linear	n/a	ordinary	WriteFMIIPart@s1.sounddriver.asm:1745-1750
477	978	16	2	0x72764	0x1439	195082	0x7276A	119	linear	n/a	ordinary,busy_poll	WriteFMII@s1.sounddriver.asm:1752-1769
478	978	16	2	0x7276A	0x0802	195201	0x7276E	70	linear	n/a	ordinary,busy_poll	WriteFMII@s1.sounddriver.asm:1752-1769
479	978	16	2	0x7276E	0x66F4	195271	0x72764	70	branch	taken	control_flow	WriteFMII@s1.sounddriver.asm:1752-1769
480	978	16	2	0x72764	0x1439	195341	0x7276A	119	linear	n/a	ordinary,busy_poll	WriteFMII@s1.sounddriver.asm:1752-1769
481	978	16	2	0x7276A	0x0802	195460	0x7276E	84	linear	n/a	ordinary,busy_poll	WriteFMII@s1.sounddriver.asm:1752-1769
482	978	16	2	0x7276E	0x66F4	195544	0x72764	70	branch	taken	control_flow	WriteFMII@s1.sounddriver.asm:1752-1769
483	978	16	2	0x72764	0x1439	195614	0x7276A	119	linear	n/a	ordinary,busy_poll	WriteFMII@s1.sounddriver.asm:1752-1769
484	978	16	2	0x7276A	0x0802	195733	0x7276E	70	linear	n/a	ordinary,busy_poll	WriteFMII@s1.sounddriver.asm:1752-1769
485	978	16	2	0x7276E	0x66F4	195803	0x72770	56	branch	not_taken	control_flow	WriteFMII@s1.sounddriver.asm:1752-1769
486	978	16	2	0x72770	0x13C0	195859	0x72776	119	linear	n/a	ordinary	WriteFMII@s1.sounddriver.asm:1752-1769
487	978	16	2	0x72776	0x4E71	195978	0x72778	28	linear	n/a	ordinary	WriteFMII@s1.sounddriver.asm:1752-1769
488	978	16	2	0x72778	0x4E71	196006	0x7277A	28	linear	n/a	ordinary	WriteFMII@s1.sounddriver.asm:1752-1769
489	978	16	2	0x7277A	0x4E71	196034	0x7277C	28	linear	n/a	ordinary	WriteFMII@s1.sounddriver.asm:1752-1769
490	978	16	2	0x7277C	0x1439	196062	0x72782	119	linear	n/a	ordinary,busy_poll	WriteFMII@s1.sounddriver.asm:1752-1769
491	978	16	2	0x72782	0x0802	196181	0x72786	70	linear	n/a	ordinary,busy_poll	WriteFMII@s1.sounddriver.asm:1752-1769
492	978	16	2	0x72786	0x66F4	196251	0x72788	56	branch	not_taken	control_flow,busy_poll	WriteFMII@s1.sounddriver.asm:1752-1769
493	978	16	2	0x72788	0x13C1	196307	0x7278E	119	linear	n/a	ordinary,ym_write	WriteFMII@s1.sounddriver.asm:1752-1769
494	978	17	2	0x7278E	0x4E75	196426	0x72C7A	126	return	target=0x72C7A	control_flow	WriteFMII@s1.sounddriver.asm:1752-1769
495	978	17	2	0x72C7A	0x51CB	196552	0x72C72	70	branch	taken	control_flow	SetVoice@s1.sounddriver.asm:2328-2375
496	978	17	2	0x72C72	0x101A	196622	0x72C74	56	linear	n/a	ordinary	SetVoice@s1.sounddriver.asm:2328-2375
497	978	17	2	0x72C74	0x1219	196678	0x72C76	56	linear	n/a	ordinary	SetVoice@s1.sounddriver.asm:2328-2375
498	978	17	2	0x72C76	0x4EBA	196734	0x72722	126	call	target=0x72722	control_flow	SetVoice@s1.sounddriver.asm:2328-2375
499	978	17	2	0x72722	0x082D	196860	0x72728	112	linear	n/a	ordinary	WriteFMIorII@s1.sounddriver.asm:1712-1717
500	978	17	2	0x72728	0x6630	196972	0x7275A	70	branch	taken	control_flow	WriteFMIorII@s1.sounddriver.asm:1712-1717
501	978	17	2	0x7275A	0x142D	197042	0x7275E	84	linear	n/a	ordinary	WriteFMIIPart@s1.sounddriver.asm:1745-1750
502	978	17	2	0x7275E	0x0882	197126	0x72762	84	linear	n/a	ordinary	WriteFMIIPart@s1.sounddriver.asm:1745-1750
503	978	17	2	0x72762	0xD002	197210	0x72764	28	linear	n/a	ordinary	WriteFMIIPart@s1.sounddriver.asm:1745-1750
504	978	17	2	0x72764	0x1439	197238	0x7276A	119	linear	n/a	ordinary,busy_poll	WriteFMII@s1.sounddriver.asm:1752-1769
505	978	17	2	0x7276A	0x0802	197357	0x7276E	84	linear	n/a	ordinary,busy_poll	WriteFMII@s1.sounddriver.asm:1752-1769
506	978	17	2	0x7276E	0x66F4	197441	0x72764	70	branch	taken	control_flow	WriteFMII@s1.sounddriver.asm:1752-1769
507	978	17	2	0x72764	0x1439	197511	0x7276A	119	linear	n/a	ordinary,busy_poll	WriteFMII@s1.sounddriver.asm:1752-1769
508	978	17	2	0x7276A	0x0802	197630	0x7276E	70	linear	n/a	ordinary,busy_poll	WriteFMII@s1.sounddriver.asm:1752-1769
509	978	17	2	0x7276E	0x66F4	197700	0x72764	70	branch	taken	control_flow	WriteFMII@s1.sounddriver.asm:1752-1769
510	978	17	2	0x72764	0x1439	197770	0x7276A	119	linear	n/a	ordinary,busy_poll	WriteFMII@s1.sounddriver.asm:1752-1769
511	978	17	2	0x7276A	0x0802	197889	0x7276E	70	linear	n/a	ordinary,busy_poll	WriteFMII@s1.sounddriver.asm:1752-1769
512	978	17	2	0x7276E	0x66F4	197959	0x72770	56	branch	not_taken	control_flow	WriteFMII@s1.sounddriver.asm:1752-1769
513	978	17	2	0x72770	0x13C0	198015	0x72776	119	linear	n/a	ordinary	WriteFMII@s1.sounddriver.asm:1752-1769
514	978	17	2	0x72776	0x4E71	198134	0x72778	28	linear	n/a	ordinary	WriteFMII@s1.sounddriver.asm:1752-1769
515	978	17	2	0x72778	0x4E71	198162	0x7277A	28	linear	n/a	ordinary	WriteFMII@s1.sounddriver.asm:1752-1769
516	978	17	2	0x7277A	0x4E71	198190	0x7277C	28	linear	n/a	ordinary	WriteFMII@s1.sounddriver.asm:1752-1769
517	978	17	2	0x7277C	0x1439	198218	0x72782	119	linear	n/a	ordinary,busy_poll	WriteFMII@s1.sounddriver.asm:1752-1769
518	978	17	2	0x72782	0x0802	198337	0x72786	84	linear	n/a	ordinary,busy_poll	WriteFMII@s1.sounddriver.asm:1752-1769
519	978	17	2	0x72786	0x66F4	198421	0x72788	56	branch	not_taken	control_flow,busy_poll	WriteFMII@s1.sounddriver.asm:1752-1769
520	978	17	2	0x72788	0x13C1	198477	0x7278E	119	linear	n/a	ordinary,ym_write	WriteFMII@s1.sounddriver.asm:1752-1769
521	978	18	2	0x7278E	0x4E75	198596	0x72C7A	112	return	target=0x72C7A	control_flow	WriteFMII@s1.sounddriver.asm:1752-1769
522	978	18	2	0x72C7A	0x51CB	198708	0x72C72	70	branch	taken	control_flow	SetVoice@s1.sounddriver.asm:2328-2375
523	978	18	2	0x72C72	0x101A	198778	0x72C74	56	linear	n/a	ordinary	SetVoice@s1.sounddriver.asm:2328-2375
524	978	18	2	0x72C74	0x1219	198834	0x72C76	56	linear	n/a	ordinary	SetVoice@s1.sounddriver.asm:2328-2375
525	978	18	2	0x72C76	0x4EBA	198890	0x72722	126	call	target=0x72722	control_flow	SetVoice@s1.sounddriver.asm:2328-2375
526	978	18	2	0x72722	0x082D	199016	0x72728	112	linear	n/a	ordinary	WriteFMIorII@s1.sounddriver.asm:1712-1717
527	978	18	2	0x72728	0x6630	199128	0x7275A	70	branch	taken	control_flow	WriteFMIorII@s1.sounddriver.asm:1712-1717
528	978	18	2	0x7275A	0x142D	199198	0x7275E	84	linear	n/a	ordinary	WriteFMIIPart@s1.sounddriver.asm:1745-1750
529	978	18	2	0x7275E	0x0882	199282	0x72762	98	linear	n/a	ordinary	WriteFMIIPart@s1.sounddriver.asm:1745-1750
530	978	18	2	0x72762	0xD002	199380	0x72764	28	linear	n/a	ordinary	WriteFMIIPart@s1.sounddriver.asm:1745-1750
531	978	18	2	0x72764	0x1439	199408	0x7276A	119	linear	n/a	ordinary,busy_poll	WriteFMII@s1.sounddriver.asm:1752-1769
532	978	18	2	0x7276A	0x0802	199527	0x7276E	70	linear	n/a	ordinary,busy_poll	WriteFMII@s1.sounddriver.asm:1752-1769
533	978	18	2	0x7276E	0x66F4	199597	0x72764	70	branch	taken	control_flow	WriteFMII@s1.sounddriver.asm:1752-1769
534	978	18	2	0x72764	0x1439	199667	0x7276A	119	linear	n/a	ordinary,busy_poll	WriteFMII@s1.sounddriver.asm:1752-1769
535	978	18	2	0x7276A	0x0802	199786	0x7276E	70	linear	n/a	ordinary,busy_poll	WriteFMII@s1.sounddriver.asm:1752-1769
536	978	18	2	0x7276E	0x66F4	199856	0x72764	70	branch	taken	control_flow	WriteFMII@s1.sounddriver.asm:1752-1769
537	978	18	2	0x72764	0x1439	199926	0x7276A	119	linear	n/a	ordinary,busy_poll	WriteFMII@s1.sounddriver.asm:1752-1769
538	978	18	2	0x7276A	0x0802	200045	0x7276E	70	linear	n/a	ordinary,busy_poll	WriteFMII@s1.sounddriver.asm:1752-1769
539	978	18	2	0x7276E	0x66F4	200115	0x72770	56	branch	not_taken	control_flow	WriteFMII@s1.sounddriver.asm:1752-1769
540	978	18	2	0x72770	0x13C0	200171	0x72776	119	linear	n/a	ordinary	WriteFMII@s1.sounddriver.asm:1752-1769
541	978	18	2	0x72776	0x4E71	200290	0x72778	42	linear	n/a	ordinary	WriteFMII@s1.sounddriver.asm:1752-1769
542	978	18	2	0x72778	0x4E71	200332	0x7277A	28	linear	n/a	ordinary	WriteFMII@s1.sounddriver.asm:1752-1769
543	978	18	2	0x7277A	0x4E71	200360	0x7277C	28	linear	n/a	ordinary	WriteFMII@s1.sounddriver.asm:1752-1769
544	978	18	2	0x7277C	0x1439	200388	0x72782	119	linear	n/a	ordinary,busy_poll	WriteFMII@s1.sounddriver.asm:1752-1769
545	978	18	2	0x72782	0x0802	200507	0x72786	70	linear	n/a	ordinary,busy_poll	WriteFMII@s1.sounddriver.asm:1752-1769
546	978	18	2	0x72786	0x66F4	200577	0x72788	56	branch	not_taken	control_flow,busy_poll	WriteFMII@s1.sounddriver.asm:1752-1769
547	978	18	2	0x72788	0x13C1	200633	0x7278E	119	linear	n/a	ordinary,ym_write	WriteFMII@s1.sounddriver.asm:1752-1769
548	978	19	2	0x7278E	0x4E75	200752	0x72C7A	112	return	target=0x72C7A	control_flow	WriteFMII@s1.sounddriver.asm:1752-1769
549	978	19	2	0x72C7A	0x51CB	200864	0x72C72	70	branch	taken	control_flow	SetVoice@s1.sounddriver.asm:2328-2375
550	978	19	2	0x72C72	0x101A	200934	0x72C74	56	linear	n/a	ordinary	SetVoice@s1.sounddriver.asm:2328-2375
551	978	19	2	0x72C74	0x1219	200990	0x72C76	56	linear	n/a	ordinary	SetVoice@s1.sounddriver.asm:2328-2375
552	978	19	2	0x72C76	0x4EBA	201046	0x72722	126	call	target=0x72722	control_flow	SetVoice@s1.sounddriver.asm:2328-2375
553	978	19	2	0x72722	0x082D	201172	0x72728	112	linear	n/a	ordinary	WriteFMIorII@s1.sounddriver.asm:1712-1717
554	978	19	2	0x72728	0x6630	201284	0x7275A	84	branch	taken	control_flow	WriteFMIorII@s1.sounddriver.asm:1712-1717
555	978	19	2	0x7275A	0x142D	201368	0x7275E	84	linear	n/a	ordinary	WriteFMIIPart@s1.sounddriver.asm:1745-1750
556	978	19	2	0x7275E	0x0882	201452	0x72762	84	linear	n/a	ordinary	WriteFMIIPart@s1.sounddriver.asm:1745-1750
557	978	19	2	0x72762	0xD002	201536	0x72764	28	linear	n/a	ordinary	WriteFMIIPart@s1.sounddriver.asm:1745-1750
558	978	19	2	0x72764	0x1439	201564	0x7276A	119	linear	n/a	ordinary,busy_poll	WriteFMII@s1.sounddriver.asm:1752-1769
559	978	19	2	0x7276A	0x0802	201683	0x7276E	70	linear	n/a	ordinary,busy_poll	WriteFMII@s1.sounddriver.asm:1752-1769
560	978	19	2	0x7276E	0x66F4	201753	0x72764	70	branch	taken	control_flow	WriteFMII@s1.sounddriver.asm:1752-1769
561	978	19	2	0x72764	0x1439	201823	0x7276A	119	linear	n/a	ordinary,busy_poll	WriteFMII@s1.sounddriver.asm:1752-1769
562	978	19	2	0x7276A	0x0802	201942	0x7276E	70	linear	n/a	ordinary,busy_poll	WriteFMII@s1.sounddriver.asm:1752-1769
563	978	19	2	0x7276E	0x66F4	202012	0x72764	70	branch	taken	control_flow	WriteFMII@s1.sounddriver.asm:1752-1769
564	978	19	2	0x72764	0x1439	202082	0x7276A	119	linear	n/a	ordinary,busy_poll	WriteFMII@s1.sounddriver.asm:1752-1769
565	978	19	2	0x7276A	0x0802	202201	0x7276E	84	linear	n/a	ordinary,busy_poll	WriteFMII@s1.sounddriver.asm:1752-1769
566	978	19	2	0x7276E	0x66F4	202285	0x72770	56	branch	not_taken	control_flow	WriteFMII@s1.sounddriver.asm:1752-1769
567	978	19	2	0x72770	0x13C0	202341	0x72776	119	linear	n/a	ordinary	WriteFMII@s1.sounddriver.asm:1752-1769
568	978	19	2	0x72776	0x4E71	202460	0x72778	28	linear	n/a	ordinary	WriteFMII@s1.sounddriver.asm:1752-1769
569	978	19	2	0x72778	0x4E71	202488	0x7277A	28	linear	n/a	ordinary	WriteFMII@s1.sounddriver.asm:1752-1769
570	978	19	2	0x7277A	0x4E71	202516	0x7277C	28	linear	n/a	ordinary	WriteFMII@s1.sounddriver.asm:1752-1769
571	978	19	2	0x7277C	0x1439	202544	0x72782	119	linear	n/a	ordinary,busy_poll	WriteFMII@s1.sounddriver.asm:1752-1769
572	978	19	2	0x72782	0x0802	202663	0x72786	70	linear	n/a	ordinary,busy_poll	WriteFMII@s1.sounddriver.asm:1752-1769
573	978	19	2	0x72786	0x66F4	202733	0x72788	56	branch	not_taken	control_flow,busy_poll	WriteFMII@s1.sounddriver.asm:1752-1769
574	978	19	2	0x72788	0x13C1	202789	0x7278E	119	linear	n/a	ordinary,ym_write	WriteFMII@s1.sounddriver.asm:1752-1769
575	978	20	2	0x7278E	0x4E75	202908	0x72C7A	112	return	target=0x72C7A	control_flow	WriteFMII@s1.sounddriver.asm:1752-1769
576	978	20	2	0x72C7A	0x51CB	203020	0x72C7E	98	branch	not_taken	control_flow	SetVoice@s1.sounddriver.asm:2328-2375
577	978	20	2	0x72C7E	0x7A03	203118	0x72C80	42	linear	n/a	ordinary	SetVoice@s1.sounddriver.asm:2328-2375
578	978	20	2	0x72C80	0x0244	203160	0x72C84	56	linear	n/a	ordinary	SetVoice@s1.sounddriver.asm:2328-2375
579	978	20	2	0x72C84	0x183B	203216	0x72C88	98	linear	n/a	ordinary	SetVoice@s1.sounddriver.asm:2328-2375
580	978	20	2	0x72C88	0x162D	203314	0x72C8C	84	linear	n/a	ordinary	SetVoice@s1.sounddriver.asm:2328-2375
581	978	20	2	0x72C8C	0x101A	203398	0x72C8E	56	linear	n/a	ordinary	SetVoice@s1.sounddriver.asm:2328-2375
582	978	20	2	0x72C8E	0x1219	203454	0x72C90	56	linear	n/a	ordinary	SetVoice@s1.sounddriver.asm:2328-2375
583	978	20	2	0x72C90	0xE20C	203510	0x72C92	56	linear	n/a	ordinary	SetVoice@s1.sounddriver.asm:2328-2375
584	978	20	2	0x72C92	0x6402	203566	0x72C96	70	branch	taken	control_flow	SetVoice@s1.sounddriver.asm:2328-2375
585	978	20	2	0x72C96	0x4EBA	203636	0x72722	126	call	target=0x72722	control_flow	SetVoice@s1.sounddriver.asm:2328-2375
586	978	20	2	0x72722	0x082D	203762	0x72728	112	linear	n/a	ordinary	WriteFMIorII@s1.sounddriver.asm:1712-1717
587	978	20	2	0x72728	0x6630	203874	0x7275A	70	branch	taken	control_flow	WriteFMIorII@s1.sounddriver.asm:1712-1717
588	978	20	2	0x7275A	0x142D	203944	0x7275E	84	linear	n/a	ordinary	WriteFMIIPart@s1.sounddriver.asm:1745-1750
589	978	20	2	0x7275E	0x0882	204028	0x72762	98	linear	n/a	ordinary	WriteFMIIPart@s1.sounddriver.asm:1745-1750
590	978	20	2	0x72762	0xD002	204126	0x72764	28	linear	n/a	ordinary	WriteFMIIPart@s1.sounddriver.asm:1745-1750
591	978	20	2	0x72764	0x1439	204154	0x7276A	119	linear	n/a	ordinary,busy_poll	WriteFMII@s1.sounddriver.asm:1752-1769
592	978	20	2	0x7276A	0x0802	204273	0x7276E	70	linear	n/a	ordinary,busy_poll	WriteFMII@s1.sounddriver.asm:1752-1769
593	978	20	2	0x7276E	0x66F4	204343	0x72764	70	branch	taken	control_flow	WriteFMII@s1.sounddriver.asm:1752-1769
594	978	20	2	0x72764	0x1439	204413	0x7276A	119	linear	n/a	ordinary,busy_poll	WriteFMII@s1.sounddriver.asm:1752-1769
595	978	20	2	0x7276A	0x0802	204532	0x7276E	70	linear	n/a	ordinary,busy_poll	WriteFMII@s1.sounddriver.asm:1752-1769
596	978	20	2	0x7276E	0x66F4	204602	0x72770	56	branch	not_taken	control_flow	WriteFMII@s1.sounddriver.asm:1752-1769
597	978	20	2	0x72770	0x13C0	204658	0x72776	119	linear	n/a	ordinary	WriteFMII@s1.sounddriver.asm:1752-1769
598	978	20	2	0x72776	0x4E71	204777	0x72778	28	linear	n/a	ordinary	WriteFMII@s1.sounddriver.asm:1752-1769
599	978	20	2	0x72778	0x4E71	204805	0x7277A	28	linear	n/a	ordinary	WriteFMII@s1.sounddriver.asm:1752-1769
600	978	20	2	0x7277A	0x4E71	204833	0x7277C	28	linear	n/a	ordinary	WriteFMII@s1.sounddriver.asm:1752-1769
601	978	20	2	0x7277C	0x1439	204861	0x72782	119	linear	n/a	ordinary,busy_poll	WriteFMII@s1.sounddriver.asm:1752-1769
602	978	20	2	0x72782	0x0802	204980	0x72786	84	linear	n/a	ordinary,busy_poll	WriteFMII@s1.sounddriver.asm:1752-1769
603	978	20	2	0x72786	0x66F4	205064	0x72788	56	branch	not_taken	control_flow,busy_poll	WriteFMII@s1.sounddriver.asm:1752-1769
604	978	20	2	0x72788	0x13C1	205120	0x7278E	119	linear	n/a	ordinary,ym_write	WriteFMII@s1.sounddriver.asm:1752-1769
605	978	21	2	0x7278E	0x4E75	205239	0x72C9A	112	return	target=0x72C9A	control_flow	WriteFMII@s1.sounddriver.asm:1752-1769
606	978	21	2	0x72C9A	0x51CD	205351	0x72C8C	70	branch	taken	control_flow	SetVoice@s1.sounddriver.asm:2328-2375
607	978	21	2	0x72C8C	0x101A	205421	0x72C8E	56	linear	n/a	ordinary	SetVoice@s1.sounddriver.asm:2328-2375
608	978	21	2	0x72C8E	0x1219	205477	0x72C90	56	linear	n/a	ordinary	SetVoice@s1.sounddriver.asm:2328-2375
609	978	21	2	0x72C90	0xE20C	205533	0x72C92	56	linear	n/a	ordinary	SetVoice@s1.sounddriver.asm:2328-2375
610	978	21	2	0x72C92	0x6402	205589	0x72C94	56	branch	not_taken	control_flow	SetVoice@s1.sounddriver.asm:2328-2375
611	978	21	2	0x72C94	0xD203	205645	0x72C96	28	linear	n/a	ordinary	SetVoice@s1.sounddriver.asm:2328-2375
612	978	21	2	0x72C96	0x4EBA	205673	0x72722	126	call	target=0x72722	control_flow	SetVoice@s1.sounddriver.asm:2328-2375
613	978	21	2	0x72722	0x082D	205799	0x72728	112	linear	n/a	ordinary	WriteFMIorII@s1.sounddriver.asm:1712-1717
614	978	21	2	0x72728	0x6630	205911	0x7275A	84	branch	taken	control_flow	WriteFMIorII@s1.sounddriver.asm:1712-1717
615	978	21	2	0x7275A	0x142D	205995	0x7275E	84	linear	n/a	ordinary	WriteFMIIPart@s1.sounddriver.asm:1745-1750
616	978	21	2	0x7275E	0x0882	206079	0x72762	84	linear	n/a	ordinary	WriteFMIIPart@s1.sounddriver.asm:1745-1750
617	978	21	2	0x72762	0xD002	206163	0x72764	28	linear	n/a	ordinary	WriteFMIIPart@s1.sounddriver.asm:1745-1750
618	978	21	2	0x72764	0x1439	206191	0x7276A	119	linear	n/a	ordinary,busy_poll	WriteFMII@s1.sounddriver.asm:1752-1769
619	978	21	2	0x7276A	0x0802	206310	0x7276E	70	linear	n/a	ordinary,busy_poll	WriteFMII@s1.sounddriver.asm:1752-1769
620	978	21	2	0x7276E	0x66F4	206380	0x72764	70	branch	taken	control_flow	WriteFMII@s1.sounddriver.asm:1752-1769
621	978	21	2	0x72764	0x1439	206450	0x7276A	119	linear	n/a	ordinary,busy_poll	WriteFMII@s1.sounddriver.asm:1752-1769
622	978	21	2	0x7276A	0x0802	206569	0x7276E	70	linear	n/a	ordinary,busy_poll	WriteFMII@s1.sounddriver.asm:1752-1769
623	978	21	2	0x7276E	0x66F4	206639	0x72764	70	branch	taken	control_flow	WriteFMII@s1.sounddriver.asm:1752-1769
624	978	21	2	0x72764	0x1439	206709	0x7276A	119	linear	n/a	ordinary,busy_poll	WriteFMII@s1.sounddriver.asm:1752-1769
625	978	21	2	0x7276A	0x0802	206828	0x7276E	84	linear	n/a	ordinary,busy_poll	WriteFMII@s1.sounddriver.asm:1752-1769
626	978	21	2	0x7276E	0x66F4	206912	0x72770	56	branch	not_taken	control_flow	WriteFMII@s1.sounddriver.asm:1752-1769
627	978	21	2	0x72770	0x13C0	206968	0x72776	119	linear	n/a	ordinary	WriteFMII@s1.sounddriver.asm:1752-1769
628	978	21	2	0x72776	0x4E71	207087	0x72778	28	linear	n/a	ordinary	WriteFMII@s1.sounddriver.asm:1752-1769
629	978	21	2	0x72778	0x4E71	207115	0x7277A	28	linear	n/a	ordinary	WriteFMII@s1.sounddriver.asm:1752-1769
630	978	21	2	0x7277A	0x4E71	207143	0x7277C	28	linear	n/a	ordinary	WriteFMII@s1.sounddriver.asm:1752-1769
631	978	21	2	0x7277C	0x1439	207171	0x72782	119	linear	n/a	ordinary,busy_poll	WriteFMII@s1.sounddriver.asm:1752-1769
632	978	21	2	0x72782	0x0802	207290	0x72786	70	linear	n/a	ordinary,busy_poll	WriteFMII@s1.sounddriver.asm:1752-1769
633	978	21	2	0x72786	0x66F4	207360	0x72788	56	branch	not_taken	control_flow,busy_poll	WriteFMII@s1.sounddriver.asm:1752-1769
634	978	21	2	0x72788	0x13C1	207416	0x7278E	119	linear	n/a	ordinary,ym_write	WriteFMII@s1.sounddriver.asm:1752-1769
635	978	22	2	0x7278E	0x4E75	207535	0x72C9A	112	return	target=0x72C9A	control_flow	WriteFMII@s1.sounddriver.asm:1752-1769
636	978	22	2	0x72C9A	0x51CD	207647	0x72C8C	70	branch	taken	control_flow	SetVoice@s1.sounddriver.asm:2328-2375
637	978	22	2	0x72C8C	0x101A	207717	0x72C8E	56	linear	n/a	ordinary	SetVoice@s1.sounddriver.asm:2328-2375
638	978	22	2	0x72C8E	0x1219	207773	0x72C90	70	linear	n/a	ordinary	SetVoice@s1.sounddriver.asm:2328-2375
639	978	22	2	0x72C90	0xE20C	207843	0x72C92	56	linear	n/a	ordinary	SetVoice@s1.sounddriver.asm:2328-2375
640	978	22	2	0x72C92	0x6402	207899	0x72C96	70	branch	taken	control_flow	SetVoice@s1.sounddriver.asm:2328-2375
641	978	22	2	0x72C96	0x4EBA	207969	0x72722	126	call	target=0x72722	control_flow	SetVoice@s1.sounddriver.asm:2328-2375
642	978	22	2	0x72722	0x082D	208095	0x72728	112	linear	n/a	ordinary	WriteFMIorII@s1.sounddriver.asm:1712-1717
643	978	22	2	0x72728	0x6630	208207	0x7275A	70	branch	taken	control_flow	WriteFMIorII@s1.sounddriver.asm:1712-1717
644	978	22	2	0x7275A	0x142D	208277	0x7275E	84	linear	n/a	ordinary	WriteFMIIPart@s1.sounddriver.asm:1745-1750
645	978	22	2	0x7275E	0x0882	208361	0x72762	84	linear	n/a	ordinary	WriteFMIIPart@s1.sounddriver.asm:1745-1750
646	978	22	2	0x72762	0xD002	208445	0x72764	28	linear	n/a	ordinary	WriteFMIIPart@s1.sounddriver.asm:1745-1750
647	978	22	2	0x72764	0x1439	208473	0x7276A	119	linear	n/a	ordinary,busy_poll	WriteFMII@s1.sounddriver.asm:1752-1769
648	978	22	2	0x7276A	0x0802	208592	0x7276E	70	linear	n/a	ordinary,busy_poll	WriteFMII@s1.sounddriver.asm:1752-1769
649	978	22	2	0x7276E	0x66F4	208662	0x72764	70	branch	taken	control_flow	WriteFMII@s1.sounddriver.asm:1752-1769
650	978	22	2	0x72764	0x1439	208732	0x7276A	133	linear	n/a	ordinary,busy_poll	WriteFMII@s1.sounddriver.asm:1752-1769
651	978	22	2	0x7276A	0x0802	208865	0x7276E	70	linear	n/a	ordinary,busy_poll	WriteFMII@s1.sounddriver.asm:1752-1769
652	978	22	2	0x7276E	0x66F4	208935	0x72764	70	branch	taken	control_flow	WriteFMII@s1.sounddriver.asm:1752-1769
653	978	22	2	0x72764	0x1439	209005	0x7276A	119	linear	n/a	ordinary,busy_poll	WriteFMII@s1.sounddriver.asm:1752-1769
654	978	22	2	0x7276A	0x0802	209124	0x7276E	70	linear	n/a	ordinary,busy_poll	WriteFMII@s1.sounddriver.asm:1752-1769
655	978	22	2	0x7276E	0x66F4	209194	0x72770	56	branch	not_taken	control_flow	WriteFMII@s1.sounddriver.asm:1752-1769
656	978	22	2	0x72770	0x13C0	209250	0x72776	119	linear	n/a	ordinary	WriteFMII@s1.sounddriver.asm:1752-1769
657	978	22	2	0x72776	0x4E71	209369	0x72778	28	linear	n/a	ordinary	WriteFMII@s1.sounddriver.asm:1752-1769
658	978	22	2	0x72778	0x4E71	209397	0x7277A	28	linear	n/a	ordinary	WriteFMII@s1.sounddriver.asm:1752-1769
659	978	22	2	0x7277A	0x4E71	209425	0x7277C	28	linear	n/a	ordinary	WriteFMII@s1.sounddriver.asm:1752-1769
660	978	22	2	0x7277C	0x1439	209453	0x72782	119	linear	n/a	ordinary,busy_poll	WriteFMII@s1.sounddriver.asm:1752-1769
661	978	22	2	0x72782	0x0802	209572	0x72786	70	linear	n/a	ordinary,busy_poll	WriteFMII@s1.sounddriver.asm:1752-1769
662	978	22	2	0x72786	0x66F4	209642	0x72788	70	branch	not_taken	control_flow,busy_poll	WriteFMII@s1.sounddriver.asm:1752-1769
663	978	22	2	0x72788	0x13C1	209712	0x7278E	119	linear	n/a	ordinary,ym_write	WriteFMII@s1.sounddriver.asm:1752-1769
664	978	23	2	0x7278E	0x4E75	209831	0x72C9A	112	return	target=0x72C9A	control_flow	WriteFMII@s1.sounddriver.asm:1752-1769
665	978	23	2	0x72C9A	0x51CD	209943	0x72C8C	70	branch	taken	control_flow	SetVoice@s1.sounddriver.asm:2328-2375
666	978	23	2	0x72C8C	0x101A	210013	0x72C8E	56	linear	n/a	ordinary	SetVoice@s1.sounddriver.asm:2328-2375
667	978	23	2	0x72C8E	0x1219	210069	0x72C90	56	linear	n/a	ordinary	SetVoice@s1.sounddriver.asm:2328-2375
668	978	23	2	0x72C90	0xE20C	210125	0x72C92	56	linear	n/a	ordinary	SetVoice@s1.sounddriver.asm:2328-2375
669	978	23	2	0x72C92	0x6402	210181	0x72C94	56	branch	not_taken	control_flow	SetVoice@s1.sounddriver.asm:2328-2375
670	978	23	2	0x72C94	0xD203	210237	0x72C96	28	linear	n/a	ordinary	SetVoice@s1.sounddriver.asm:2328-2375
671	978	23	2	0x72C96	0x4EBA	210265	0x72722	126	call	target=0x72722	control_flow	SetVoice@s1.sounddriver.asm:2328-2375
672	978	23	2	0x72722	0x082D	210391	0x72728	112	linear	n/a	ordinary	WriteFMIorII@s1.sounddriver.asm:1712-1717
673	978	23	2	0x72728	0x6630	210503	0x7275A	70	branch	taken	control_flow	WriteFMIorII@s1.sounddriver.asm:1712-1717
674	978	23	2	0x7275A	0x142D	210573	0x7275E	98	linear	n/a	ordinary	WriteFMIIPart@s1.sounddriver.asm:1745-1750
675	978	23	2	0x7275E	0x0882	210671	0x72762	84	linear	n/a	ordinary	WriteFMIIPart@s1.sounddriver.asm:1745-1750
676	978	23	2	0x72762	0xD002	210755	0x72764	28	linear	n/a	ordinary	WriteFMIIPart@s1.sounddriver.asm:1745-1750
677	978	23	2	0x72764	0x1439	210783	0x7276A	119	linear	n/a	ordinary,busy_poll	WriteFMII@s1.sounddriver.asm:1752-1769
678	978	23	2	0x7276A	0x0802	210902	0x7276E	70	linear	n/a	ordinary,busy_poll	WriteFMII@s1.sounddriver.asm:1752-1769
679	978	23	2	0x7276E	0x66F4	210972	0x72764	70	branch	taken	control_flow	WriteFMII@s1.sounddriver.asm:1752-1769
680	978	23	2	0x72764	0x1439	211042	0x7276A	119	linear	n/a	ordinary,busy_poll	WriteFMII@s1.sounddriver.asm:1752-1769
681	978	23	2	0x7276A	0x0802	211161	0x7276E	70	linear	n/a	ordinary,busy_poll	WriteFMII@s1.sounddriver.asm:1752-1769
682	978	23	2	0x7276E	0x66F4	211231	0x72764	70	branch	taken	control_flow	WriteFMII@s1.sounddriver.asm:1752-1769
683	978	23	2	0x72764	0x1439	211301	0x7276A	119	linear	n/a	ordinary,busy_poll	WriteFMII@s1.sounddriver.asm:1752-1769
684	978	23	2	0x7276A	0x0802	211420	0x7276E	70	linear	n/a	ordinary,busy_poll	WriteFMII@s1.sounddriver.asm:1752-1769
685	978	23	2	0x7276E	0x66F4	211490	0x72770	70	branch	not_taken	control_flow	WriteFMII@s1.sounddriver.asm:1752-1769
686	978	23	2	0x72770	0x13C0	211560	0x72776	119	linear	n/a	ordinary	WriteFMII@s1.sounddriver.asm:1752-1769
687	978	23	2	0x72776	0x4E71	211679	0x72778	28	linear	n/a	ordinary	WriteFMII@s1.sounddriver.asm:1752-1769
688	978	23	2	0x72778	0x4E71	211707	0x7277A	28	linear	n/a	ordinary	WriteFMII@s1.sounddriver.asm:1752-1769
689	978	23	2	0x7277A	0x4E71	211735	0x7277C	28	linear	n/a	ordinary	WriteFMII@s1.sounddriver.asm:1752-1769
690	978	23	2	0x7277C	0x1439	211763	0x72782	119	linear	n/a	ordinary,busy_poll	WriteFMII@s1.sounddriver.asm:1752-1769
691	978	23	2	0x72782	0x0802	211882	0x72786	70	linear	n/a	ordinary,busy_poll	WriteFMII@s1.sounddriver.asm:1752-1769
692	978	23	2	0x72786	0x66F4	211952	0x72788	56	branch	not_taken	control_flow,busy_poll	WriteFMII@s1.sounddriver.asm:1752-1769
693	978	23	2	0x72788	0x13C1	212008	0x7278E	119	linear	n/a	ordinary,ym_write	WriteFMII@s1.sounddriver.asm:1752-1769
694	978	24	2	0x7278E	0x4E75	212127	0x72C9A	112	return	target=0x72C9A	control_flow	WriteFMII@s1.sounddriver.asm:1752-1769
695	978	24	2	0x72C9A	0x51CD	212239	0x72C9E	98	branch	not_taken	control_flow	SetVoice@s1.sounddriver.asm:2328-2375
696	978	24	2	0x72C9E	0x103C	212337	0x72CA2	56	linear	n/a	ordinary	SetVoice@s1.sounddriver.asm:2328-2375
697	978	24	2	0x72CA2	0x122D	212393	0x72CA6	98	linear	n/a	ordinary	SetVoice@s1.sounddriver.asm:2328-2375
698	978	24	2	0x72CA6	0x4EBA	212491	0x72722	126	call	target=0x72722	control_flow	SetVoice@s1.sounddriver.asm:2328-2375
699	978	24	2	0x72722	0x082D	212617	0x72728	112	linear	n/a	ordinary	WriteFMIorII@s1.sounddriver.asm:1712-1717
700	978	24	2	0x72728	0x6630	212729	0x7275A	70	branch	taken	control_flow	WriteFMIorII@s1.sounddriver.asm:1712-1717
701	978	24	2	0x7275A	0x142D	212799	0x7275E	84	linear	n/a	ordinary	WriteFMIIPart@s1.sounddriver.asm:1745-1750
702	978	24	2	0x7275E	0x0882	212883	0x72762	84	linear	n/a	ordinary	WriteFMIIPart@s1.sounddriver.asm:1745-1750
703	978	24	2	0x72762	0xD002	212967	0x72764	28	linear	n/a	ordinary	WriteFMIIPart@s1.sounddriver.asm:1745-1750
704	978	24	2	0x72764	0x1439	212995	0x7276A	119	linear	n/a	ordinary,busy_poll	WriteFMII@s1.sounddriver.asm:1752-1769
705	978	24	2	0x7276A	0x0802	213114	0x7276E	70	linear	n/a	ordinary,busy_poll	WriteFMII@s1.sounddriver.asm:1752-1769
706	978	24	2	0x7276E	0x66F4	213184	0x72764	70	branch	taken	control_flow	WriteFMII@s1.sounddriver.asm:1752-1769
707	978	24	2	0x72764	0x1439	213254	0x7276A	119	linear	n/a	ordinary,busy_poll	WriteFMII@s1.sounddriver.asm:1752-1769
708	978	24	2	0x7276A	0x0802	213373	0x7276E	84	linear	n/a	ordinary,busy_poll	WriteFMII@s1.sounddriver.asm:1752-1769
709	978	24	2	0x7276E	0x66F4	213457	0x72764	70	branch	taken	control_flow	WriteFMII@s1.sounddriver.asm:1752-1769
710	978	24	2	0x72764	0x1439	213527	0x7276A	119	linear	n/a	ordinary,busy_poll	WriteFMII@s1.sounddriver.asm:1752-1769
711	978	24	2	0x7276A	0x0802	213646	0x7276E	70	linear	n/a	ordinary,busy_poll	WriteFMII@s1.sounddriver.asm:1752-1769
712	978	24	2	0x7276E	0x66F4	213716	0x72770	56	branch	not_taken	control_flow	WriteFMII@s1.sounddriver.asm:1752-1769
713	978	24	2	0x72770	0x13C0	213772	0x72776	119	linear	n/a	ordinary	WriteFMII@s1.sounddriver.asm:1752-1769
714	978	24	2	0x72776	0x4E71	213891	0x72778	28	linear	n/a	ordinary	WriteFMII@s1.sounddriver.asm:1752-1769
715	978	24	2	0x72778	0x4E71	213919	0x7277A	28	linear	n/a	ordinary	WriteFMII@s1.sounddriver.asm:1752-1769
716	978	24	2	0x7277A	0x4E71	213947	0x7277C	28	linear	n/a	ordinary	WriteFMII@s1.sounddriver.asm:1752-1769
717	978	24	2	0x7277C	0x1439	213975	0x72782	119	linear	n/a	ordinary,busy_poll	WriteFMII@s1.sounddriver.asm:1752-1769
718	978	24	2	0x72782	0x0802	214094	0x72786	70	linear	n/a	ordinary,busy_poll	WriteFMII@s1.sounddriver.asm:1752-1769
719	978	24	2	0x72786	0x66F4	214164	0x72788	56	branch	not_taken	control_flow,busy_poll	WriteFMII@s1.sounddriver.asm:1752-1769
720	978	24	2	0x72788	0x13C1	214220	0x7278E	119	linear	n/a	ordinary,ym_write	WriteFMII@s1.sounddriver.asm:1752-1769
721	978	25	2	0x7278E	0x4E75	214339	0x72CAA	126	return	target=0x72CAA	control_flow	WriteFMII@s1.sounddriver.asm:1752-1769
722	978	25	2	0x72CAA	0x4E75	214465	0x71D02	112	return	target=0x71D02	control_flow	SetVoice@s1.sounddriver.asm:2328-2375
723	978	25	2	0x71D02	0x60F0	214577	0x71CF4	70	branch	target=0x71CF4	control_flow	FMDoNext@s1.sounddriver.asm:365-393
724	978	25	2	0x71CF4	0x7A00	214647	0x71CF6	28	linear	n/a	ordinary	FMDoNext@s1.sounddriver.asm:365-393
725	978	25	2	0x71CF6	0x1A1C	214675	0x71CF8	56	linear	n/a	ordinary	FMDoNext@s1.sounddriver.asm:365-393
726	978	25	2	0x71CF8	0x0C05	214731	0x71CFC	56	linear	n/a	ordinary	FMDoNext@s1.sounddriver.asm:365-393
727	978	25	2	0x71CFC	0x6506	214787	0x71CFE	56	branch	not_taken	control_flow	FMDoNext@s1.sounddriver.asm:365-393
728	978	25	2	0x71CFE	0x4EBA	214843	0x72A5A	126	call	target=0x72A5A	control_flow	FMDoNext@s1.sounddriver.asm:365-393
729	978	25	2	0x72A5A	0x0445	214969	0x72A5E	56	linear	n/a	ordinary	CoordFlag@s1.sounddriver.asm:2066-2071
730	978	25	2	0x72A5E	0xE54D	215025	0x72A60	70	linear	n/a	ordinary	CoordFlag@s1.sounddriver.asm:2066-2071
731	978	25	2	0x72A60	0x4EFB	215095	0x72A64	98	jump	target=0x72A64	control_flow	CoordFlag@s1.sounddriver.asm:2066-2071
732	978	25	2	0x72A64	0x6000	215193	0x72ACC	70	branch	target=0x72ACC	control_flow	coordflagLookup@s1.sounddriver.asm:2074-2076
733	978	25	2	0x72ACC	0x121C	215263	0x72ACE	70	linear	n/a	ordinary	cfPanningAMSFMS@s1.sounddriver.asm:2128-2138
734	978	25	2	0x72ACE	0x4A2D	215333	0x72AD2	84	linear	n/a	ordinary	cfPanningAMSFMS@s1.sounddriver.asm:2128-2138
735	978	25	2	0x72AD2	0x6B16	215417	0x72AD4	56	branch	not_taken	control_flow	cfPanningAMSFMS@s1.sounddriver.asm:2128-2138
736	978	25	2	0x72AD4	0x102D	215473	0x72AD8	84	linear	n/a	ordinary	cfPanningAMSFMS@s1.sounddriver.asm:2128-2138
737	978	25	2	0x72AD8	0x0200	215557	0x72ADC	56	linear	n/a	ordinary	cfPanningAMSFMS@s1.sounddriver.asm:2128-2138
738	978	25	2	0x72ADC	0x8200	215613	0x72ADE	28	linear	n/a	ordinary	cfPanningAMSFMS@s1.sounddriver.asm:2128-2138
739	978	25	2	0x72ADE	0x1B41	215641	0x72AE2	84	linear	n/a	ordinary	cfPanningAMSFMS@s1.sounddriver.asm:2128-2138
740	978	25	2	0x72AE2	0x103C	215725	0x72AE6	56	linear	n/a	ordinary	cfPanningAMSFMS@s1.sounddriver.asm:2128-2138
741	978	25	2	0x72AE6	0x6000	215781	0x72716	70	branch	target=0x72716	control_flow	cfPanningAMSFMS@s1.sounddriver.asm:2128-2138
742	978	25	2	0x72716	0x0815	215851	0x7271A	84	linear	n/a	ordinary	WriteFMIorIIMain@s1.sounddriver.asm:1701-1709
743	978	25	2	0x7271A	0x6604	215935	0x7271C	56	branch	not_taken	control_flow	WriteFMIorIIMain@s1.sounddriver.asm:1701-1709
744	978	25	2	0x7271C	0x6000	215991	0x72722	70	branch	target=0x72722	control_flow	WriteFMIorIIMain@s1.sounddriver.asm:1701-1709
745	978	25	2	0x72722	0x082D	216061	0x72728	112	linear	n/a	ordinary	WriteFMIorII@s1.sounddriver.asm:1712-1717
746	978	25	2	0x72728	0x6630	216173	0x7275A	84	branch	taken	control_flow	WriteFMIorII@s1.sounddriver.asm:1712-1717
747	978	25	2	0x7275A	0x142D	216257	0x7275E	84	linear	n/a	ordinary	WriteFMIIPart@s1.sounddriver.asm:1745-1750
748	978	25	2	0x7275E	0x0882	216341	0x72762	84	linear	n/a	ordinary	WriteFMIIPart@s1.sounddriver.asm:1745-1750
749	978	25	2	0x72762	0xD002	216425	0x72764	28	linear	n/a	ordinary	WriteFMIIPart@s1.sounddriver.asm:1745-1750
750	978	25	2	0x72764	0x1439	216453	0x7276A	119	linear	n/a	ordinary,busy_poll	WriteFMII@s1.sounddriver.asm:1752-1769
751	978	25	2	0x7276A	0x0802	216572	0x7276E	70	linear	n/a	ordinary,busy_poll	WriteFMII@s1.sounddriver.asm:1752-1769
752	978	25	2	0x7276E	0x66F4	216642	0x72770	56	branch	not_taken	control_flow	WriteFMII@s1.sounddriver.asm:1752-1769
753	978	25	2	0x72770	0x13C0	216698	0x72776	119	linear	n/a	ordinary	WriteFMII@s1.sounddriver.asm:1752-1769
754	978	25	2	0x72776	0x4E71	216817	0x72778	28	linear	n/a	ordinary	WriteFMII@s1.sounddriver.asm:1752-1769
755	978	25	2	0x72778	0x4E71	216845	0x7277A	28	linear	n/a	ordinary	WriteFMII@s1.sounddriver.asm:1752-1769
756	978	25	2	0x7277A	0x4E71	216873	0x7277C	28	linear	n/a	ordinary	WriteFMII@s1.sounddriver.asm:1752-1769
757	978	25	2	0x7277C	0x1439	216901	0x72782	119	linear	n/a	ordinary,busy_poll	WriteFMII@s1.sounddriver.asm:1752-1769
758	978	25	2	0x72782	0x0802	217020	0x72786	70	linear	n/a	ordinary,busy_poll	WriteFMII@s1.sounddriver.asm:1752-1769
759	978	25	2	0x72786	0x66F4	217090	0x72788	70	branch	not_taken	control_flow,busy_poll	WriteFMII@s1.sounddriver.asm:1752-1769
760	978	25	2	0x72788	0x13C1	217160	0x7278E	119	linear	n/a	ordinary,ym_write	WriteFMII@s1.sounddriver.asm:1752-1769
761	978	26	2	0x7278E	0x4E75	217279	0x71D02	112	return	target=0x71D02	control_flow	WriteFMII@s1.sounddriver.asm:1752-1769
762	978	26	2	0x71D02	0x60F0	217391	0x71CF4	70	branch	target=0x71CF4	control_flow	FMDoNext@s1.sounddriver.asm:365-393
763	978	26	2	0x71CF4	0x7A00	217461	0x71CF6	28	linear	n/a	ordinary	FMDoNext@s1.sounddriver.asm:365-393
764	978	26	2	0x71CF6	0x1A1C	217489	0x71CF8	56	linear	n/a	ordinary	FMDoNext@s1.sounddriver.asm:365-393
765	978	26	2	0x71CF8	0x0C05	217545	0x71CFC	56	linear	n/a	ordinary	FMDoNext@s1.sounddriver.asm:365-393
766	978	26	2	0x71CFC	0x6506	217601	0x71D04	70	branch	taken	control_flow	FMDoNext@s1.sounddriver.asm:365-393
767	978	26	2	0x71D04	0x4EBA	217671	0x726FE	126	call	target=0x726FE	control_flow	FMDoNext@s1.sounddriver.asm:365-393
768	978	26	2	0x726FE	0x0815	217797	0x72702	84	linear	n/a	ordinary	FMNoteOff@s1.sounddriver.asm:1683-1698
769	978	26	2	0x72702	0x6610	217881	0x72704	56	branch	not_taken	control_flow	FMNoteOff@s1.sounddriver.asm:1683-1698
770	978	26	2	0x72704	0x0815	217937	0x72708	84	linear	n/a	ordinary	FMNoteOff@s1.sounddriver.asm:1683-1698
771	978	26	2	0x72708	0x660A	218021	0x7270A	70	branch	not_taken	control_flow	FMNoteOff@s1.sounddriver.asm:1683-1698
772	978	26	2	0x7270A	0x7028	218091	0x7270C	28	linear	n/a	ordinary	FMNoteOff@s1.sounddriver.asm:1683-1698
773	978	26	2	0x7270C	0x122D	218119	0x72710	84	linear	n/a	ordinary	FMNoteOff@s1.sounddriver.asm:1683-1698
774	978	26	2	0x72710	0x6000	218203	0x7272E	70	branch	target=0x7272E	control_flow	FMNoteOff@s1.sounddriver.asm:1683-1698
775	978	26	2	0x7272E	0x1439	218273	0x72734	119	linear	n/a	ordinary,busy_poll	WriteFMI@s1.sounddriver.asm:1725-1742
776	978	26	2	0x72734	0x0802	218392	0x72738	70	linear	n/a	ordinary,busy_poll	WriteFMI@s1.sounddriver.asm:1725-1742
777	978	26	2	0x72738	0x66F4	218462	0x7272E	70	branch	taken	control_flow	WriteFMI@s1.sounddriver.asm:1725-1742
778	978	26	2	0x7272E	0x1439	218532	0x72734	119	linear	n/a	ordinary,busy_poll	WriteFMI@s1.sounddriver.asm:1725-1742
779	978	26	2	0x72734	0x0802	218651	0x72738	70	linear	n/a	ordinary,busy_poll	WriteFMI@s1.sounddriver.asm:1725-1742
780	978	26	2	0x72738	0x66F4	218721	0x7273A	56	branch	not_taken	control_flow	WriteFMI@s1.sounddriver.asm:1725-1742
781	978	26	2	0x7273A	0x13C0	218777	0x72740	119	linear	n/a	ordinary	WriteFMI@s1.sounddriver.asm:1725-1742
782	978	26	2	0x72740	0x4E71	218896	0x72742	28	linear	n/a	ordinary	WriteFMI@s1.sounddriver.asm:1725-1742
783	978	26	2	0x72742	0x4E71	218924	0x72744	42	linear	n/a	ordinary	WriteFMI@s1.sounddriver.asm:1725-1742
784	978	26	2	0x72744	0x4E71	218966	0x72746	28	linear	n/a	ordinary	WriteFMI@s1.sounddriver.asm:1725-1742
785	978	26	2	0x72746	0x1439	218994	0x7274C	119	linear	n/a	ordinary,busy_poll	WriteFMI@s1.sounddriver.asm:1725-1742
786	978	26	2	0x7274C	0x0802	219113	0x72750	70	linear	n/a	ordinary,busy_poll	WriteFMI@s1.sounddriver.asm:1725-1742
787	978	26	2	0x72750	0x66F4	219183	0x72752	56	branch	not_taken	control_flow,busy_poll	WriteFMI@s1.sounddriver.asm:1725-1742
788	978	26	2	0x72752	0x13C1	219239	0x72758	119	linear	n/a	ordinary,ym_write	WriteFMI@s1.sounddriver.asm:1725-1742
789	978	27	2	0x72758	0x4E75	219358	0x71D08	112	return	target=0x71D08	control_flow	WriteFMI@s1.sounddriver.asm:1725-1742
790	978	27	2	0x71D08	0x4A05	219470	0x71D0A	28	linear	n/a	ordinary	FMDoNext@s1.sounddriver.asm:365-393
791	978	27	2	0x71D0A	0x6A0E	219498	0x71D0C	56	branch	not_taken	control_flow	FMDoNext@s1.sounddriver.asm:365-393
792	978	27	2	0x71D0C	0x4EBA	219554	0x71D22	126	call	target=0x71D22	control_flow	FMDoNext@s1.sounddriver.asm:365-393
793	978	27	2	0x71D22	0x0405	219680	0x71D26	56	linear	n/a	ordinary	FMSetFreq@s1.sounddriver.asm:396-407
794	978	27	2	0x71D26	0x6730	219736	0x71D28	56	branch	not_taken	control_flow	FMSetFreq@s1.sounddriver.asm:396-407
795	978	27	2	0x71D28	0xDA2D	219792	0x71D2C	84	linear	n/a	ordinary	FMSetFreq@s1.sounddriver.asm:396-407
796	978	27	2	0x71D2C	0x0245	219876	0x71D30	70	linear	n/a	ordinary	FMSetFreq@s1.sounddriver.asm:396-407
797	978	27	2	0x71D30	0xE34D	219946	0x71D32	56	linear	n/a	ordinary	FMSetFreq@s1.sounddriver.asm:396-407
798	978	27	2	0x71D32	0x41FA	220002	0x71D36	56	linear	n/a	ordinary	FMSetFreq@s1.sounddriver.asm:396-407
799	978	27	2	0x71D36	0x3C30	220058	0x71D3A	98	linear	n/a	ordinary	FMSetFreq@s1.sounddriver.asm:396-407
800	978	27	2	0x71D3A	0x3B46	220156	0x71D3E	84	linear	n/a	ordinary	FMSetFreq@s1.sounddriver.asm:396-407
801	978	27	2	0x71D3E	0x4E75	220240	0x71D10	112	return	target=0x71D10	control_flow	FMSetFreq@s1.sounddriver.asm:396-407
802	978	27	2	0x71D10	0x1A1C	220352	0x71D12	56	linear	n/a	ordinary	FMDoNext@s1.sounddriver.asm:365-393
803	978	27	2	0x71D12	0x6A06	220408	0x71D1A	70	branch	taken	control_flow	FMDoNext@s1.sounddriver.asm:365-393
804	978	27	2	0x71D1A	0x4EBA	220478	0x71D40	126	call	target=0x71D40	control_flow	FMDoNext@s1.sounddriver.asm:365-393
805	978	27	2	0x71D40	0x1005	220604	0x71D42	28	linear	n/a	ordinary	SetDuration@s1.sounddriver.asm:410-426
806	978	27	2	0x71D42	0x122D	220632	0x71D46	84	linear	n/a	ordinary	SetDuration@s1.sounddriver.asm:410-426
807	978	27	2	0x71D46	0x5301	220716	0x71D48	28	linear	n/a	ordinary	SetDuration@s1.sounddriver.asm:410-426
808	978	27	2	0x71D48	0x6704	220744	0x71D4E	70	branch	taken	control_flow	SetDuration@s1.sounddriver.asm:410-426
809	978	27	2	0x71D4E	0x1B40	220814	0x71D52	98	linear	n/a	ordinary	SetDuration@s1.sounddriver.asm:410-426
810	978	27	2	0x71D52	0x1B40	220912	0x71D56	84	linear	n/a	ordinary	SetDuration@s1.sounddriver.asm:410-426
811	978	27	2	0x71D56	0x4E75	220996	0x71D1E	112	return	target=0x71D1E	control_flow	SetDuration@s1.sounddriver.asm:410-426
812	978	27	2	0x71D1E	0x6000	221108	0x71D60	70	branch	target=0x71D60	control_flow	FMDoNext@s1.sounddriver.asm:365-393
813	978	27	2	0x71D60	0x2B4C	221178	0x71D64	112	linear	n/a	ordinary	FinishTrackUpdate@s1.sounddriver.asm:435-456
814	978	27	2	0x71D64	0x1B6D	221290	0x71D6A	140	linear	n/a	ordinary	FinishTrackUpdate@s1.sounddriver.asm:435-456
815	978	27	2	0x71D6A	0x0815	221430	0x71D6E	84	linear	n/a	ordinary	FinishTrackUpdate@s1.sounddriver.asm:435-456
816	978	27	2	0x71D6E	0x662C	221514	0x71D70	56	branch	not_taken	control_flow	FinishTrackUpdate@s1.sounddriver.asm:435-456
817	978	27	2	0x71D70	0x1B6D	221570	0x71D76	140	linear	n/a	ordinary	FinishTrackUpdate@s1.sounddriver.asm:435-456
818	978	27	2	0x71D76	0x422D	221710	0x71D7A	126	linear	n/a	ordinary	FinishTrackUpdate@s1.sounddriver.asm:435-456
819	978	27	2	0x71D7A	0x0815	221836	0x71D7E	84	linear	n/a	ordinary	FinishTrackUpdate@s1.sounddriver.asm:435-456
820	978	27	2	0x71D7E	0x671C	221920	0x71D9C	70	branch	taken	control_flow	FinishTrackUpdate@s1.sounddriver.asm:435-456
821	978	27	2	0x71D9C	0x4E75	221990	0x71CD8	112	return	target=0x71CD8	control_flow	FinishTrackUpdate@s1.sounddriver.asm:435-456
822	978	27	2	0x71CD8	0x4EBA	222102	0x71E18	126	call	target=0x71E18	control_flow	FMUpdateTrack@s1.sounddriver.asm:348-362
823	978	27	2	0x71E18	0x0815	222228	0x71E1C	84	linear	n/a	ordinary	FMPrepareNote@s1.sounddriver.asm:523-529
824	978	27	2	0x71E1C	0x662A	222312	0x71E1E	56	branch	not_taken	control_flow	FMPrepareNote@s1.sounddriver.asm:523-529
825	978	27	2	0x71E1E	0x3C2D	222368	0x71E22	84	linear	n/a	ordinary	FMPrepareNote@s1.sounddriver.asm:523-529
826	978	27	2	0x71E22	0x6726	222452	0x71E24	56	branch	not_taken	control_flow	FMPrepareNote@s1.sounddriver.asm:523-529
827	978	27	2	0x71E24	0x102D	222508	0x71E28	84	linear	n/a	ordinary	FMUpdateFreq@s1.sounddriver.asm:529-545
828	978	27	2	0x71E28	0x4880	222592	0x71E2A	28	linear	n/a	ordinary	FMUpdateFreq@s1.sounddriver.asm:529-545
829	978	27	2	0x71E2A	0xDC40	222620	0x71E2C	42	linear	n/a	ordinary	FMUpdateFreq@s1.sounddriver.asm:529-545
830	978	27	2	0x71E2C	0x0815	222662	0x71E30	84	linear	n/a	ordinary	FMUpdateFreq@s1.sounddriver.asm:529-545
831	978	27	2	0x71E30	0x6616	222746	0x71E32	56	branch	not_taken	control_flow	FMUpdateFreq@s1.sounddriver.asm:529-545
832	978	27	2	0x71E32	0x3206	222802	0x71E34	28	linear	n/a	ordinary	FMUpdateFreq@s1.sounddriver.asm:529-545
833	978	27	2	0x71E34	0xE049	222830	0x71E36	154	linear	n/a	ordinary	FMUpdateFreq@s1.sounddriver.asm:529-545
834	978	27	2	0x71E36	0x103C	222984	0x71E3A	56	linear	n/a	ordinary	FMUpdateFreq@s1.sounddriver.asm:529-545
835	978	27	2	0x71E3A	0x4EBA	223040	0x72722	126	call	target=0x72722	control_flow	FMUpdateFreq@s1.sounddriver.asm:529-545
836	978	27	2	0x72722	0x082D	223166	0x72728	112	linear	n/a	ordinary	WriteFMIorII@s1.sounddriver.asm:1712-1717
837	978	27	2	0x72728	0x6630	223278	0x7275A	70	branch	taken	control_flow	WriteFMIorII@s1.sounddriver.asm:1712-1717
838	978	27	2	0x7275A	0x142D	223348	0x7275E	84	linear	n/a	ordinary	WriteFMIIPart@s1.sounddriver.asm:1745-1750
839	978	27	2	0x7275E	0x0882	223432	0x72762	84	linear	n/a	ordinary	WriteFMIIPart@s1.sounddriver.asm:1745-1750
840	978	27	2	0x72762	0xD002	223516	0x72764	42	linear	n/a	ordinary	WriteFMIIPart@s1.sounddriver.asm:1745-1750
841	978	27	2	0x72764	0x1439	223558	0x7276A	119	linear	n/a	ordinary,busy_poll	WriteFMII@s1.sounddriver.asm:1752-1769
842	978	27	2	0x7276A	0x0802	223677	0x7276E	70	linear	n/a	ordinary,busy_poll	WriteFMII@s1.sounddriver.asm:1752-1769
843	978	27	2	0x7276E	0x66F4	223747	0x72770	56	branch	not_taken	control_flow	WriteFMII@s1.sounddriver.asm:1752-1769
844	978	27	2	0x72770	0x13C0	223803	0x72776	119	linear	n/a	ordinary	WriteFMII@s1.sounddriver.asm:1752-1769
845	978	27	2	0x72776	0x4E71	223922	0x72778	28	linear	n/a	ordinary	WriteFMII@s1.sounddriver.asm:1752-1769
846	978	27	2	0x72778	0x4E71	223950	0x7277A	28	linear	n/a	ordinary	WriteFMII@s1.sounddriver.asm:1752-1769
847	978	27	2	0x7277A	0x4E71	223978	0x7277C	28	linear	n/a	ordinary	WriteFMII@s1.sounddriver.asm:1752-1769
848	978	27	2	0x7277C	0x1439	224006	0x72782	119	linear	n/a	ordinary,busy_poll	WriteFMII@s1.sounddriver.asm:1752-1769
849	978	27	2	0x72782	0x0802	224125	0x72786	70	linear	n/a	ordinary,busy_poll	WriteFMII@s1.sounddriver.asm:1752-1769
850	978	27	2	0x72786	0x66F4	224195	0x72788	56	branch	not_taken	control_flow,busy_poll	WriteFMII@s1.sounddriver.asm:1752-1769
851	978	27	2	0x72788	0x13C1	224251	0x7278E	119	linear	n/a	ordinary,ym_write	WriteFMII@s1.sounddriver.asm:1752-1769
852	978	28	2	0x7278E	0x4E75	224370	0x71E3E	112	return	target=0x71E3E	control_flow	WriteFMII@s1.sounddriver.asm:1752-1769
853	978	28	2	0x71E3E	0x1206	224482	0x71E40	42	linear	n/a	ordinary	FMUpdateFreq@s1.sounddriver.asm:529-545
854	978	28	2	0x71E40	0x103C	224524	0x71E44	56	linear	n/a	ordinary	FMUpdateFreq@s1.sounddriver.asm:529-545
855	978	28	2	0x71E44	0x4EBA	224580	0x72722	126	call	target=0x72722	control_flow	FMUpdateFreq@s1.sounddriver.asm:529-545
856	978	28	2	0x72722	0x082D	224706	0x72728	112	linear	n/a	ordinary	WriteFMIorII@s1.sounddriver.asm:1712-1717
857	978	28	2	0x72728	0x6630	224818	0x7275A	70	branch	taken	control_flow	WriteFMIorII@s1.sounddriver.asm:1712-1717
858	978	28	2	0x7275A	0x142D	224888	0x7275E	84	linear	n/a	ordinary	WriteFMIIPart@s1.sounddriver.asm:1745-1750
859	978	28	2	0x7275E	0x0882	224972	0x72762	84	linear	n/a	ordinary	WriteFMIIPart@s1.sounddriver.asm:1745-1750
860	978	28	2	0x72762	0xD002	225056	0x72764	28	linear	n/a	ordinary	WriteFMIIPart@s1.sounddriver.asm:1745-1750
861	978	28	2	0x72764	0x1439	225084	0x7276A	119	linear	n/a	ordinary,busy_poll	WriteFMII@s1.sounddriver.asm:1752-1769
862	978	28	2	0x7276A	0x0802	225203	0x7276E	70	linear	n/a	ordinary,busy_poll	WriteFMII@s1.sounddriver.asm:1752-1769
863	978	28	2	0x7276E	0x66F4	225273	0x72764	70	branch	taken	control_flow	WriteFMII@s1.sounddriver.asm:1752-1769
864	978	28	2	0x72764	0x1439	225343	0x7276A	119	linear	n/a	ordinary,busy_poll	WriteFMII@s1.sounddriver.asm:1752-1769
865	978	28	2	0x7276A	0x0802	225462	0x7276E	84	linear	n/a	ordinary,busy_poll	WriteFMII@s1.sounddriver.asm:1752-1769
866	978	28	2	0x7276E	0x66F4	225546	0x72764	70	branch	taken	control_flow	WriteFMII@s1.sounddriver.asm:1752-1769
867	978	28	2	0x72764	0x1439	225616	0x7276A	119	linear	n/a	ordinary,busy_poll	WriteFMII@s1.sounddriver.asm:1752-1769
868	978	28	2	0x7276A	0x0802	225735	0x7276E	70	linear	n/a	ordinary,busy_poll	WriteFMII@s1.sounddriver.asm:1752-1769
869	978	28	2	0x7276E	0x66F4	225805	0x72764	70	branch	taken	control_flow	WriteFMII@s1.sounddriver.asm:1752-1769
870	978	28	2	0x72764	0x1439	225875	0x7276A	119	linear	n/a	ordinary,busy_poll	WriteFMII@s1.sounddriver.asm:1752-1769
871	978	28	2	0x7276A	0x0802	225994	0x7276E	70	linear	n/a	ordinary,busy_poll	WriteFMII@s1.sounddriver.asm:1752-1769
872	978	28	2	0x7276E	0x66F4	226064	0x72770	56	branch	not_taken	control_flow	WriteFMII@s1.sounddriver.asm:1752-1769
873	978	28	2	0x72770	0x13C0	226120	0x72776	119	linear	n/a	ordinary	WriteFMII@s1.sounddriver.asm:1752-1769
874	978	28	2	0x72776	0x4E71	226239	0x72778	28	linear	n/a	ordinary	WriteFMII@s1.sounddriver.asm:1752-1769
875	978	28	2	0x72778	0x4E71	226267	0x7277A	28	linear	n/a	ordinary	WriteFMII@s1.sounddriver.asm:1752-1769
876	978	28	2	0x7277A	0x4E71	226295	0x7277C	28	linear	n/a	ordinary	WriteFMII@s1.sounddriver.asm:1752-1769
877	978	28	2	0x7277C	0x1439	226323	0x72782	119	linear	n/a	ordinary,busy_poll	WriteFMII@s1.sounddriver.asm:1752-1769
878	978	28	2	0x72782	0x0802	226442	0x72786	84	linear	n/a	ordinary,busy_poll	WriteFMII@s1.sounddriver.asm:1752-1769
879	978	28	2	0x72786	0x66F4	226526	0x72788	56	branch	not_taken	control_flow,busy_poll	WriteFMII@s1.sounddriver.asm:1752-1769
880	978	28	2	0x72788	0x13C1	226582	0x7278E	119	linear	n/a	ordinary,ym_write	WriteFMII@s1.sounddriver.asm:1752-1769
881	978	29	2	0x7278E	0x4E75	226701	0x71E48	112	return	target=0x71E48	control_flow	WriteFMII@s1.sounddriver.asm:1752-1769
882	978	29	2	0x71E48	0x4E75	226813	0x71CDC	112	return	target=0x71CDC	control_flow	FMUpdateFreq@s1.sounddriver.asm:529-545
883	978	29	2	0x71CDC	0x6000	226925	0x726E2	70	branch	target=0x726E2	control_flow	FMUpdateTrack@s1.sounddriver.asm:348-362
884	978	29	2	0x726E2	0x0815	226995	0x726E6	84	linear	n/a	ordinary	FMNoteOn@s1.sounddriver.asm:1667-1680
885	978	29	2	0x726E6	0x6614	227079	0x726E8	56	branch	not_taken	control_flow	FMNoteOn@s1.sounddriver.asm:1667-1680
886	978	29	2	0x726E8	0x0815	227135	0x726EC	84	linear	n/a	ordinary	FMNoteOn@s1.sounddriver.asm:1667-1680
887	978	29	2	0x726EC	0x660E	227219	0x726EE	56	branch	not_taken	control_flow	FMNoteOn@s1.sounddriver.asm:1667-1680
888	978	29	2	0x726EE	0x7028	227275	0x726F0	28	linear	n/a	ordinary	FMNoteOn@s1.sounddriver.asm:1667-1680
889	978	29	2	0x726F0	0x122D	227303	0x726F4	84	linear	n/a	ordinary	FMNoteOn@s1.sounddriver.asm:1667-1680
890	978	29	2	0x726F4	0x0001	227387	0x726F8	70	linear	n/a	ordinary	FMNoteOn@s1.sounddriver.asm:1667-1680
891	978	29	2	0x726F8	0x6000	227457	0x7272E	70	branch	target=0x7272E	control_flow	FMNoteOn@s1.sounddriver.asm:1667-1680
892	978	29	2	0x7272E	0x1439	227527	0x72734	119	linear	n/a	ordinary,busy_poll	WriteFMI@s1.sounddriver.asm:1725-1742
893	978	29	2	0x72734	0x0802	227646	0x72738	70	linear	n/a	ordinary,busy_poll	WriteFMI@s1.sounddriver.asm:1725-1742
894	978	29	2	0x72738	0x66F4	227716	0x7272E	70	branch	taken	control_flow	WriteFMI@s1.sounddriver.asm:1725-1742
895	978	29	2	0x7272E	0x1439	227786	0x72734	119	linear	n/a	ordinary,busy_poll	WriteFMI@s1.sounddriver.asm:1725-1742
896	978	29	2	0x72734	0x0802	227905	0x72738	70	linear	n/a	ordinary,busy_poll	WriteFMI@s1.sounddriver.asm:1725-1742
897	978	29	2	0x72738	0x66F4	227975	0x7272E	70	branch	taken	control_flow	WriteFMI@s1.sounddriver.asm:1725-1742
898	978	29	2	0x7272E	0x1439	228045	0x72734	119	linear	n/a	ordinary,busy_poll	WriteFMI@s1.sounddriver.asm:1725-1742
899	978	29	2	0x72734	0x0802	228164	0x72738	70	linear	n/a	ordinary,busy_poll	WriteFMI@s1.sounddriver.asm:1725-1742
900	978	29	2	0x72738	0x66F4	228234	0x7273A	56	branch	not_taken	control_flow	WriteFMI@s1.sounddriver.asm:1725-1742
901	978	29	2	0x7273A	0x13C0	228290	0x72740	133	linear	n/a	ordinary	WriteFMI@s1.sounddriver.asm:1725-1742
902	978	29	2	0x72740	0x4E71	228423	0x72742	28	linear	n/a	ordinary	WriteFMI@s1.sounddriver.asm:1725-1742
903	978	29	2	0x72742	0x4E71	228451	0x72744	28	linear	n/a	ordinary	WriteFMI@s1.sounddriver.asm:1725-1742
904	978	29	2	0x72744	0x4E71	228479	0x72746	28	linear	n/a	ordinary	WriteFMI@s1.sounddriver.asm:1725-1742
905	978	29	2	0x72746	0x1439	228507	0x7274C	119	linear	n/a	ordinary,busy_poll	WriteFMI@s1.sounddriver.asm:1725-1742
906	978	29	2	0x7274C	0x0802	228626	0x72750	70	linear	n/a	ordinary,busy_poll	WriteFMI@s1.sounddriver.asm:1725-1742
907	978	29	2	0x72750	0x66F4	228696	0x72752	56	branch	not_taken	control_flow,busy_poll	WriteFMI@s1.sounddriver.asm:1725-1742
908	978	29	2	0x72752	0x13C1	228752	key_on	key_on	linear	n/a	ordinary,ym_write	WriteFMI@s1.sounddriver.asm:1725-1742
