occurrence_ordinal	frame	after_source_ordinal	cpu	pc	opcode	start_master_cycle	next_pc	delta_to_next_start	flow	branch_outcome	roles	source
0	872	-1	1	0xE06	0x4F	159705	0xE07	60	linear	n/a	source_path	s2.sounddriver.asm:343-389,947-1012,2088-2138,2837-2860,3271-3432
1	872	-1	1	0xE07	0xDD	159765	0xE0B	300	linear	n/a	source_path	s2.sounddriver.asm:343-389,947-1012,2088-2138,2837-2860,3271-3432
2	872	-1	1	0xE0B	0xC0	160065	0xE0C	75	return	not_taken	source_path,call_return	s2.sounddriver.asm:343-389,947-1012,2088-2138,2837-2860,3271-3432
3	872	-1	1	0xE0C	0xE5	160140	0xE0D	165	linear	n/a	source_path	s2.sounddriver.asm:343-389,947-1012,2088-2138,2837-2860,3271-3432
4	872	-1	1	0xE0D	0xCD	160305	0xE12	255	call	target=0xE12	source_path,call_return	s2.sounddriver.asm:343-389,947-1012,2088-2138,2837-2860,3271-3432
5	872	-1	1	0xE12	0x3A	160560	0xE15	195	linear	n/a	source_path	s2.sounddriver.asm:343-389,947-1012,2088-2138,2837-2860,3271-3432
6	872	-1	1	0xE15	0xB7	160755	0xE16	60	linear	n/a	source_path	s2.sounddriver.asm:343-389,947-1012,2088-2138,2837-2860,3271-3432
7	872	-1	1	0xE16	0x79	160815	0xE17	60	linear	n/a	source_path	s2.sounddriver.asm:343-389,947-1012,2088-2138,2837-2860,3271-3432
8	872	-1	1	0xE17	0x28	160875	0xE19	105	branch	not_taken	source_path	s2.sounddriver.asm:343-389,947-1012,2088-2138,2837-2860,3271-3432
9	872	-1	1	0xE19	0xDD	160980	0xE1C	285	linear	n/a	source_path	s2.sounddriver.asm:343-389,947-1012,2088-2138,2837-2860,3271-3432
10	872	-1	1	0xE1C	0xDD	161265	0xE1F	285	linear	n/a	source_path	s2.sounddriver.asm:343-389,947-1012,2088-2138,2837-2860,3271-3432
11	872	-1	1	0xE1F	0x18	161550	0xE24	180	branch	target=0xE24	source_path	s2.sounddriver.asm:343-389,947-1012,2088-2138,2837-2860,3271-3432
12	872	-1	1	0xE24	0xE5	161730	0xE25	165	linear	n/a	source_path	s2.sounddriver.asm:343-389,947-1012,2088-2138,2837-2860,3271-3432
13	872	-1	1	0xE25	0x4F	161895	0xE26	60	linear	n/a	source_path	s2.sounddriver.asm:343-389,947-1012,2088-2138,2837-2860,3271-3432
14	872	-1	1	0xE26	0x06	161955	0xE28	105	linear	n/a	source_path	s2.sounddriver.asm:343-389,947-1012,2088-2138,2837-2860,3271-3432
15	872	-1	1	0xE28	0x87	162060	0xE29	60	linear	n/a	source_path	s2.sounddriver.asm:343-389,947-1012,2088-2138,2837-2860,3271-3432
16	872	-1	1	0xE29	0x6F	162120	0xE2A	60	linear	n/a	source_path	s2.sounddriver.asm:343-389,947-1012,2088-2138,2837-2860,3271-3432
17	872	-1	1	0xE2A	0x60	162180	0xE2B	60	linear	n/a	source_path	s2.sounddriver.asm:343-389,947-1012,2088-2138,2837-2860,3271-3432
18	872	-1	1	0xE2B	0x29	162240	0xE2C	165	linear	n/a	source_path	s2.sounddriver.asm:343-389,947-1012,2088-2138,2837-2860,3271-3432
19	872	-1	1	0xE2C	0x29	162405	0xE2D	165	linear	n/a	source_path	s2.sounddriver.asm:343-389,947-1012,2088-2138,2837-2860,3271-3432
20	872	-1	1	0xE2D	0x5D	162570	0xE2E	60	linear	n/a	source_path	s2.sounddriver.asm:343-389,947-1012,2088-2138,2837-2860,3271-3432
21	872	-1	1	0xE2E	0x54	162630	0xE2F	60	linear	n/a	source_path	s2.sounddriver.asm:343-389,947-1012,2088-2138,2837-2860,3271-3432
22	872	-1	1	0xE2F	0x29	162690	0xE30	165	linear	n/a	source_path	s2.sounddriver.asm:343-389,947-1012,2088-2138,2837-2860,3271-3432
23	872	-1	1	0xE30	0x19	162855	0xE31	165	linear	n/a	source_path	s2.sounddriver.asm:343-389,947-1012,2088-2138,2837-2860,3271-3432
24	872	-1	1	0xE31	0x09	163020	0xE32	165	linear	n/a	source_path	s2.sounddriver.asm:343-389,947-1012,2088-2138,2837-2860,3271-3432
25	872	-1	1	0xE32	0xD1	163185	0xE33	150	linear	n/a	source_path	s2.sounddriver.asm:343-389,947-1012,2088-2138,2837-2860,3271-3432
26	872	-1	1	0xE33	0x19	163335	0xE34	165	linear	n/a	source_path	s2.sounddriver.asm:343-389,947-1012,2088-2138,2837-2860,3271-3432
27	872	-1	1	0xE34	0x7E	163500	0xE35	150	linear	n/a	source_path,bank_wait_3t	s2.sounddriver.asm:343-389,947-1012,2088-2138,2837-2860,3271-3432
28	872	-1	1	0xE35	0x23	163650	0xE36	90	linear	n/a	source_path	s2.sounddriver.asm:343-389,947-1012,2088-2138,2837-2860,3271-3432
29	872	-1	1	0xE36	0x32	163740	0xE39	195	linear	n/a	source_path	s2.sounddriver.asm:343-389,947-1012,2088-2138,2837-2860,3271-3432
30	872	-1	1	0xE39	0x4F	163935	0xE3A	60	linear	n/a	source_path	s2.sounddriver.asm:343-389,947-1012,2088-2138,2837-2860,3271-3432
31	872	-1	1	0xE3A	0xDD	163995	0xE3D	285	linear	n/a	source_path	s2.sounddriver.asm:343-389,947-1012,2088-2138,2837-2860,3271-3432
32	872	-1	1	0xE3D	0xE6	164280	0xE3F	105	linear	n/a	source_path	s2.sounddriver.asm:343-389,947-1012,2088-2138,2837-2860,3271-3432
33	872	-1	1	0xE3F	0xC6	164385	0xE41	105	linear	n/a	source_path	s2.sounddriver.asm:343-389,947-1012,2088-2138,2837-2860,3271-3432
34	872	-1	1	0xE41	0xD7	164490	0x10	165	call	target=0x10	source_path,call_return	s2.sounddriver.asm:343-389,947-1012,2088-2138,2837-2860,3271-3432
35	872	-1	1	0x10	0xDD	164655	0x14	300	linear	n/a	source_path,busy_poll	s2.sounddriver.asm:343-389,947-1012,2088-2138,2837-2860,3271-3432
36	872	-1	1	0x14	0x28	164955	0x16	105	branch	not_taken	source_path,busy_poll	s2.sounddriver.asm:343-389,947-1012,2088-2138,2837-2860,3271-3432
37	872	-1	1	0x16	0x18	165060	0x28	180	branch	target=0x28	source_path,busy_poll	s2.sounddriver.asm:343-389,947-1012,2088-2138,2837-2860,3271-3432
38	872	-1	1	0x28	0xF5	165240	0x29	165	linear	n/a	source_path,busy_poll	s2.sounddriver.asm:343-389,947-1012,2088-2138,2837-2860,3271-3432
39	872	-1	1	0x29	0xCF	165405	0x8	165	call	target=0x8	source_path,busy_poll,call_return	s2.sounddriver.asm:343-389,947-1012,2088-2138,2837-2860,3271-3432
40	872	-1	1	0x8	0x3A	165570	0xB	195	linear	n/a	source_path,busy_poll	s2.sounddriver.asm:343-389,947-1012,2088-2138,2837-2860,3271-3432
41	872	-1	1	0xB	0x87	165765	0xC	60	linear	n/a	source_path,busy_poll	s2.sounddriver.asm:343-389,947-1012,2088-2138,2837-2860,3271-3432
42	872	-1	1	0xC	0x38	165825	0xE	105	branch	not_taken	source_path,busy_poll	s2.sounddriver.asm:343-389,947-1012,2088-2138,2837-2860,3271-3432
43	872	-1	1	0xE	0xC9	165930	0x2A	150	return	target=0x2A	source_path,busy_poll,call_return	s2.sounddriver.asm:343-389,947-1012,2088-2138,2837-2860,3271-3432
44	872	-1	1	0x2A	0xF1	166080	0x2B	150	linear	n/a	source_path,busy_poll	s2.sounddriver.asm:343-389,947-1012,2088-2138,2837-2860,3271-3432
45	872	-1	1	0x2B	0x32	166230	0x2E	195	linear	n/a	source_path,busy_poll	s2.sounddriver.asm:343-389,947-1012,2088-2138,2837-2860,3271-3432
46	872	-1	1	0x2E	0xF5	166425	0x2F	165	linear	n/a	source_path,busy_poll	s2.sounddriver.asm:343-389,947-1012,2088-2138,2837-2860,3271-3432
47	872	-1	1	0x2F	0xCF	166590	0x8	165	call	target=0x8	source_path,busy_poll,call_return	s2.sounddriver.asm:343-389,947-1012,2088-2138,2837-2860,3271-3432
48	872	-1	1	0x8	0x3A	166755	0xB	195	linear	n/a	source_path,busy_poll	s2.sounddriver.asm:343-389,947-1012,2088-2138,2837-2860,3271-3432
49	872	-1	1	0xB	0x87	166950	0xC	60	linear	n/a	source_path,busy_poll	s2.sounddriver.asm:343-389,947-1012,2088-2138,2837-2860,3271-3432
50	872	-1	1	0xC	0x38	167010	0xE	105	branch	not_taken	source_path,busy_poll	s2.sounddriver.asm:343-389,947-1012,2088-2138,2837-2860,3271-3432
51	872	-1	1	0xE	0xC9	167115	0x30	150	return	target=0x30	source_path,busy_poll,call_return	s2.sounddriver.asm:343-389,947-1012,2088-2138,2837-2860,3271-3432
52	872	-1	1	0x30	0x79	167265	0x31	60	linear	n/a	source_path,busy_poll	s2.sounddriver.asm:343-389,947-1012,2088-2138,2837-2860,3271-3432
53	872	-1	1	0x31	0x32	167325	0x34	195	linear	n/a	source_path,busy_poll,ym_write	s2.sounddriver.asm:343-389,947-1012,2088-2138,2837-2860,3271-3432
54	872	0	1	0x34	0xF1	167520	0x35	150	linear	n/a	source_path	s2.sounddriver.asm:343-389,947-1012,2088-2138,2837-2860,3271-3432
55	872	0	1	0x35	0xC9	167670	0xE42	150	return	target=0xE42	source_path,call_return	s2.sounddriver.asm:343-389,947-1012,2088-2138,2837-2860,3271-3432
56	872	0	1	0xE42	0xD6	167820	0xE44	105	linear	n/a	source_path	s2.sounddriver.asm:343-389,947-1012,2088-2138,2837-2860,3271-3432
57	872	0	1	0xE44	0x06	167925	0xE46	105	linear	n/a	source_path	s2.sounddriver.asm:343-389,947-1012,2088-2138,2837-2860,3271-3432
58	872	0	1	0xE46	0x4E	168030	0xE47	150	linear	n/a	source_path,bank_wait_3t	s2.sounddriver.asm:343-389,947-1012,2088-2138,2837-2860,3271-3432
59	872	0	1	0xE47	0x23	168180	0xE48	90	linear	n/a	source_path	s2.sounddriver.asm:343-389,947-1012,2088-2138,2837-2860,3271-3432
60	872	0	1	0xE48	0xD7	168270	0x10	165	call	target=0x10	source_path,call_return	s2.sounddriver.asm:343-389,947-1012,2088-2138,2837-2860,3271-3432
61	872	0	1	0x10	0xDD	168435	0x14	300	linear	n/a	source_path,busy_poll	s2.sounddriver.asm:343-389,947-1012,2088-2138,2837-2860,3271-3432
62	872	0	1	0x14	0x28	168735	0x16	105	branch	not_taken	source_path,busy_poll	s2.sounddriver.asm:343-389,947-1012,2088-2138,2837-2860,3271-3432
63	872	0	1	0x16	0x18	168840	0x28	180	branch	target=0x28	source_path,busy_poll	s2.sounddriver.asm:343-389,947-1012,2088-2138,2837-2860,3271-3432
64	872	0	1	0x28	0xF5	169020	0x29	165	linear	n/a	source_path,busy_poll	s2.sounddriver.asm:343-389,947-1012,2088-2138,2837-2860,3271-3432
65	872	0	1	0x29	0xCF	169185	0x8	165	call	target=0x8	source_path,busy_poll,call_return	s2.sounddriver.asm:343-389,947-1012,2088-2138,2837-2860,3271-3432
66	872	0	1	0x8	0x3A	169350	0xB	195	linear	n/a	source_path,busy_poll	s2.sounddriver.asm:343-389,947-1012,2088-2138,2837-2860,3271-3432
67	872	0	1	0xB	0x87	169545	0xC	60	linear	n/a	source_path,busy_poll	s2.sounddriver.asm:343-389,947-1012,2088-2138,2837-2860,3271-3432
68	872	0	1	0xC	0x38	169605	0xE	105	branch	not_taken	source_path,busy_poll	s2.sounddriver.asm:343-389,947-1012,2088-2138,2837-2860,3271-3432
69	872	0	1	0xE	0xC9	169710	0x2A	150	return	target=0x2A	source_path,busy_poll,call_return	s2.sounddriver.asm:343-389,947-1012,2088-2138,2837-2860,3271-3432
70	872	0	1	0x2A	0xF1	169860	0x2B	150	linear	n/a	source_path,busy_poll	s2.sounddriver.asm:343-389,947-1012,2088-2138,2837-2860,3271-3432
71	872	0	1	0x2B	0x32	170010	0x2E	195	linear	n/a	source_path,busy_poll	s2.sounddriver.asm:343-389,947-1012,2088-2138,2837-2860,3271-3432
72	872	0	1	0x2E	0xF5	170205	0x2F	165	linear	n/a	source_path,busy_poll	s2.sounddriver.asm:343-389,947-1012,2088-2138,2837-2860,3271-3432
73	872	0	1	0x2F	0xCF	170370	0x8	165	call	target=0x8	source_path,busy_poll,call_return	s2.sounddriver.asm:343-389,947-1012,2088-2138,2837-2860,3271-3432
74	872	0	1	0x8	0x3A	170535	0xB	195	linear	n/a	source_path,busy_poll	s2.sounddriver.asm:343-389,947-1012,2088-2138,2837-2860,3271-3432
75	872	0	1	0xB	0x87	170730	0xC	60	linear	n/a	source_path,busy_poll	s2.sounddriver.asm:343-389,947-1012,2088-2138,2837-2860,3271-3432
76	872	0	1	0xC	0x38	170790	0xE	105	branch	not_taken	source_path,busy_poll	s2.sounddriver.asm:343-389,947-1012,2088-2138,2837-2860,3271-3432
77	872	0	1	0xE	0xC9	170895	0x30	150	return	target=0x30	source_path,busy_poll,call_return	s2.sounddriver.asm:343-389,947-1012,2088-2138,2837-2860,3271-3432
78	872	0	1	0x30	0x79	171045	0x31	60	linear	n/a	source_path,busy_poll	s2.sounddriver.asm:343-389,947-1012,2088-2138,2837-2860,3271-3432
79	872	0	1	0x31	0x32	171105	0x34	195	linear	n/a	source_path,busy_poll,ym_write	s2.sounddriver.asm:343-389,947-1012,2088-2138,2837-2860,3271-3432
80	872	1	1	0x34	0xF1	171300	0x35	150	linear	n/a	source_path	s2.sounddriver.asm:343-389,947-1012,2088-2138,2837-2860,3271-3432
81	872	1	1	0x35	0xC9	171450	0xE49	150	return	target=0xE49	source_path,call_return	s2.sounddriver.asm:343-389,947-1012,2088-2138,2837-2860,3271-3432
82	872	1	1	0xE49	0xC6	171600	0xE4B	105	linear	n/a	source_path	s2.sounddriver.asm:343-389,947-1012,2088-2138,2837-2860,3271-3432
83	872	1	1	0xE4B	0x10	171705	0xE46	195	branch	taken	source_path	s2.sounddriver.asm:343-389,947-1012,2088-2138,2837-2860,3271-3432
84	872	1	1	0xE46	0x4E	171900	0xE47	150	linear	n/a	source_path,bank_wait_3t	s2.sounddriver.asm:343-389,947-1012,2088-2138,2837-2860,3271-3432
85	872	1	1	0xE47	0x23	172050	0xE48	90	linear	n/a	source_path	s2.sounddriver.asm:343-389,947-1012,2088-2138,2837-2860,3271-3432
86	872	1	1	0xE48	0xD7	172140	0x10	165	call	target=0x10	source_path,call_return	s2.sounddriver.asm:343-389,947-1012,2088-2138,2837-2860,3271-3432
87	872	1	1	0x10	0xDD	172305	0x14	300	linear	n/a	source_path,busy_poll	s2.sounddriver.asm:343-389,947-1012,2088-2138,2837-2860,3271-3432
88	872	1	1	0x14	0x28	172605	0x16	105	branch	not_taken	source_path,busy_poll	s2.sounddriver.asm:343-389,947-1012,2088-2138,2837-2860,3271-3432
89	872	1	1	0x16	0x18	172710	0x28	180	branch	target=0x28	source_path,busy_poll	s2.sounddriver.asm:343-389,947-1012,2088-2138,2837-2860,3271-3432
90	872	1	1	0x28	0xF5	172890	0x29	165	linear	n/a	source_path,busy_poll	s2.sounddriver.asm:343-389,947-1012,2088-2138,2837-2860,3271-3432
91	872	1	1	0x29	0xCF	173055	0x8	165	call	target=0x8	source_path,busy_poll,call_return	s2.sounddriver.asm:343-389,947-1012,2088-2138,2837-2860,3271-3432
92	872	1	1	0x8	0x3A	173220	0xB	195	linear	n/a	source_path,busy_poll	s2.sounddriver.asm:343-389,947-1012,2088-2138,2837-2860,3271-3432
93	872	1	1	0xB	0x87	173415	0xC	60	linear	n/a	source_path,busy_poll	s2.sounddriver.asm:343-389,947-1012,2088-2138,2837-2860,3271-3432
94	872	1	1	0xC	0x38	173475	0xE	105	branch	not_taken	source_path,busy_poll	s2.sounddriver.asm:343-389,947-1012,2088-2138,2837-2860,3271-3432
95	872	1	1	0xE	0xC9	173580	0x2A	150	return	target=0x2A	source_path,busy_poll,call_return	s2.sounddriver.asm:343-389,947-1012,2088-2138,2837-2860,3271-3432
96	872	1	1	0x2A	0xF1	173730	0x2B	150	linear	n/a	source_path,busy_poll	s2.sounddriver.asm:343-389,947-1012,2088-2138,2837-2860,3271-3432
97	872	1	1	0x2B	0x32	173880	0x2E	195	linear	n/a	source_path,busy_poll	s2.sounddriver.asm:343-389,947-1012,2088-2138,2837-2860,3271-3432
98	872	1	1	0x2E	0xF5	174075	0x2F	165	linear	n/a	source_path,busy_poll	s2.sounddriver.asm:343-389,947-1012,2088-2138,2837-2860,3271-3432
99	872	1	1	0x2F	0xCF	174240	0x8	165	call	target=0x8	source_path,busy_poll,call_return	s2.sounddriver.asm:343-389,947-1012,2088-2138,2837-2860,3271-3432
100	872	1	1	0x8	0x3A	174405	0xB	195	linear	n/a	source_path,busy_poll	s2.sounddriver.asm:343-389,947-1012,2088-2138,2837-2860,3271-3432
101	872	1	1	0xB	0x87	174600	0xC	60	linear	n/a	source_path,busy_poll	s2.sounddriver.asm:343-389,947-1012,2088-2138,2837-2860,3271-3432
102	872	1	1	0xC	0x38	174660	0xE	105	branch	not_taken	source_path,busy_poll	s2.sounddriver.asm:343-389,947-1012,2088-2138,2837-2860,3271-3432
103	872	1	1	0xE	0xC9	174765	0x30	150	return	target=0x30	source_path,busy_poll,call_return	s2.sounddriver.asm:343-389,947-1012,2088-2138,2837-2860,3271-3432
104	872	1	1	0x30	0x79	174915	0x31	60	linear	n/a	source_path,busy_poll	s2.sounddriver.asm:343-389,947-1012,2088-2138,2837-2860,3271-3432
105	872	1	1	0x31	0x32	174975	0x34	195	linear	n/a	source_path,busy_poll,ym_write	s2.sounddriver.asm:343-389,947-1012,2088-2138,2837-2860,3271-3432
106	872	2	1	0x34	0xF1	175170	0x35	150	linear	n/a	source_path	s2.sounddriver.asm:343-389,947-1012,2088-2138,2837-2860,3271-3432
107	872	2	1	0x35	0xC9	175320	0xE49	150	return	target=0xE49	source_path,call_return	s2.sounddriver.asm:343-389,947-1012,2088-2138,2837-2860,3271-3432
108	872	2	1	0xE49	0xC6	175470	0xE4B	105	linear	n/a	source_path	s2.sounddriver.asm:343-389,947-1012,2088-2138,2837-2860,3271-3432
109	872	2	1	0xE4B	0x10	175575	0xE46	195	branch	taken	source_path	s2.sounddriver.asm:343-389,947-1012,2088-2138,2837-2860,3271-3432
110	872	2	1	0xE46	0x4E	175770	0xE47	150	linear	n/a	source_path,bank_wait_3t	s2.sounddriver.asm:343-389,947-1012,2088-2138,2837-2860,3271-3432
111	872	2	1	0xE47	0x23	175920	0xE48	90	linear	n/a	source_path	s2.sounddriver.asm:343-389,947-1012,2088-2138,2837-2860,3271-3432
112	872	2	1	0xE48	0xD7	176010	0x10	165	call	target=0x10	source_path,call_return	s2.sounddriver.asm:343-389,947-1012,2088-2138,2837-2860,3271-3432
113	872	2	1	0x10	0xDD	176175	0x14	300	linear	n/a	source_path,busy_poll	s2.sounddriver.asm:343-389,947-1012,2088-2138,2837-2860,3271-3432
114	872	2	1	0x14	0x28	176475	0x16	105	branch	not_taken	source_path,busy_poll	s2.sounddriver.asm:343-389,947-1012,2088-2138,2837-2860,3271-3432
115	872	2	1	0x16	0x18	176580	0x28	180	branch	target=0x28	source_path,busy_poll	s2.sounddriver.asm:343-389,947-1012,2088-2138,2837-2860,3271-3432
116	872	2	1	0x28	0xF5	176760	0x29	165	linear	n/a	source_path,busy_poll	s2.sounddriver.asm:343-389,947-1012,2088-2138,2837-2860,3271-3432
117	872	2	1	0x29	0xCF	176925	0x8	165	call	target=0x8	source_path,busy_poll,call_return	s2.sounddriver.asm:343-389,947-1012,2088-2138,2837-2860,3271-3432
118	872	2	1	0x8	0x3A	177090	0xB	195	linear	n/a	source_path,busy_poll	s2.sounddriver.asm:343-389,947-1012,2088-2138,2837-2860,3271-3432
119	872	2	1	0xB	0x87	177285	0xC	60	linear	n/a	source_path,busy_poll	s2.sounddriver.asm:343-389,947-1012,2088-2138,2837-2860,3271-3432
120	872	2	1	0xC	0x38	177345	0xE	105	branch	not_taken	source_path,busy_poll	s2.sounddriver.asm:343-389,947-1012,2088-2138,2837-2860,3271-3432
121	872	2	1	0xE	0xC9	177450	0x2A	150	return	target=0x2A	source_path,busy_poll,call_return	s2.sounddriver.asm:343-389,947-1012,2088-2138,2837-2860,3271-3432
122	872	2	1	0x2A	0xF1	177600	0x2B	150	linear	n/a	source_path,busy_poll	s2.sounddriver.asm:343-389,947-1012,2088-2138,2837-2860,3271-3432
123	872	2	1	0x2B	0x32	177750	0x2E	195	linear	n/a	source_path,busy_poll	s2.sounddriver.asm:343-389,947-1012,2088-2138,2837-2860,3271-3432
124	872	2	1	0x2E	0xF5	177945	0x2F	165	linear	n/a	source_path,busy_poll	s2.sounddriver.asm:343-389,947-1012,2088-2138,2837-2860,3271-3432
125	872	2	1	0x2F	0xCF	178110	0x8	165	call	target=0x8	source_path,busy_poll,call_return	s2.sounddriver.asm:343-389,947-1012,2088-2138,2837-2860,3271-3432
126	872	2	1	0x8	0x3A	178275	0xB	195	linear	n/a	source_path,busy_poll	s2.sounddriver.asm:343-389,947-1012,2088-2138,2837-2860,3271-3432
127	872	2	1	0xB	0x87	178470	0xC	60	linear	n/a	source_path,busy_poll	s2.sounddriver.asm:343-389,947-1012,2088-2138,2837-2860,3271-3432
128	872	2	1	0xC	0x38	178530	0xE	105	branch	not_taken	source_path,busy_poll	s2.sounddriver.asm:343-389,947-1012,2088-2138,2837-2860,3271-3432
129	872	2	1	0xE	0xC9	178635	0x30	150	return	target=0x30	source_path,busy_poll,call_return	s2.sounddriver.asm:343-389,947-1012,2088-2138,2837-2860,3271-3432
130	872	2	1	0x30	0x79	178785	0x31	60	linear	n/a	source_path,busy_poll	s2.sounddriver.asm:343-389,947-1012,2088-2138,2837-2860,3271-3432
131	872	2	1	0x31	0x32	178845	0x34	195	linear	n/a	source_path,busy_poll,ym_write	s2.sounddriver.asm:343-389,947-1012,2088-2138,2837-2860,3271-3432
132	872	3	1	0x34	0xF1	179040	0x35	150	linear	n/a	source_path	s2.sounddriver.asm:343-389,947-1012,2088-2138,2837-2860,3271-3432
133	872	3	1	0x35	0xC9	179190	0xE49	150	return	target=0xE49	source_path,call_return	s2.sounddriver.asm:343-389,947-1012,2088-2138,2837-2860,3271-3432
134	872	3	1	0xE49	0xC6	179340	0xE4B	105	linear	n/a	source_path	s2.sounddriver.asm:343-389,947-1012,2088-2138,2837-2860,3271-3432
135	872	3	1	0xE4B	0x10	179445	0xE46	195	branch	taken	source_path	s2.sounddriver.asm:343-389,947-1012,2088-2138,2837-2860,3271-3432
136	872	3	1	0xE46	0x4E	179640	0xE47	150	linear	n/a	source_path,bank_wait_3t	s2.sounddriver.asm:343-389,947-1012,2088-2138,2837-2860,3271-3432
137	872	3	1	0xE47	0x23	179790	0xE48	90	linear	n/a	source_path	s2.sounddriver.asm:343-389,947-1012,2088-2138,2837-2860,3271-3432
138	872	3	1	0xE48	0xD7	179880	0x10	165	call	target=0x10	source_path,call_return	s2.sounddriver.asm:343-389,947-1012,2088-2138,2837-2860,3271-3432
139	872	3	1	0x10	0xDD	180045	0x14	300	linear	n/a	source_path,busy_poll	s2.sounddriver.asm:343-389,947-1012,2088-2138,2837-2860,3271-3432
140	872	3	1	0x14	0x28	180345	0x16	105	branch	not_taken	source_path,busy_poll	s2.sounddriver.asm:343-389,947-1012,2088-2138,2837-2860,3271-3432
141	872	3	1	0x16	0x18	180450	0x28	180	branch	target=0x28	source_path,busy_poll	s2.sounddriver.asm:343-389,947-1012,2088-2138,2837-2860,3271-3432
142	872	3	1	0x28	0xF5	180630	0x29	165	linear	n/a	source_path,busy_poll	s2.sounddriver.asm:343-389,947-1012,2088-2138,2837-2860,3271-3432
143	872	3	1	0x29	0xCF	180795	0x8	165	call	target=0x8	source_path,busy_poll,call_return	s2.sounddriver.asm:343-389,947-1012,2088-2138,2837-2860,3271-3432
144	872	3	1	0x8	0x3A	180960	0xB	195	linear	n/a	source_path,busy_poll	s2.sounddriver.asm:343-389,947-1012,2088-2138,2837-2860,3271-3432
145	872	3	1	0xB	0x87	181155	0xC	60	linear	n/a	source_path,busy_poll	s2.sounddriver.asm:343-389,947-1012,2088-2138,2837-2860,3271-3432
146	872	3	1	0xC	0x38	181215	0xE	105	branch	not_taken	source_path,busy_poll	s2.sounddriver.asm:343-389,947-1012,2088-2138,2837-2860,3271-3432
147	872	3	1	0xE	0xC9	181320	0x2A	150	return	target=0x2A	source_path,busy_poll,call_return	s2.sounddriver.asm:343-389,947-1012,2088-2138,2837-2860,3271-3432
148	872	3	1	0x2A	0xF1	181470	0x2B	150	linear	n/a	source_path,busy_poll	s2.sounddriver.asm:343-389,947-1012,2088-2138,2837-2860,3271-3432
149	872	3	1	0x2B	0x32	181620	0x2E	195	linear	n/a	source_path,busy_poll	s2.sounddriver.asm:343-389,947-1012,2088-2138,2837-2860,3271-3432
150	872	3	1	0x2E	0xF5	181815	0x2F	165	linear	n/a	source_path,busy_poll	s2.sounddriver.asm:343-389,947-1012,2088-2138,2837-2860,3271-3432
151	872	3	1	0x2F	0xCF	181980	0x8	165	call	target=0x8	source_path,busy_poll,call_return	s2.sounddriver.asm:343-389,947-1012,2088-2138,2837-2860,3271-3432
152	872	3	1	0x8	0x3A	182145	0xB	195	linear	n/a	source_path,busy_poll	s2.sounddriver.asm:343-389,947-1012,2088-2138,2837-2860,3271-3432
153	872	3	1	0xB	0x87	182340	0xC	60	linear	n/a	source_path,busy_poll	s2.sounddriver.asm:343-389,947-1012,2088-2138,2837-2860,3271-3432
154	872	3	1	0xC	0x38	182400	0xE	105	branch	not_taken	source_path,busy_poll	s2.sounddriver.asm:343-389,947-1012,2088-2138,2837-2860,3271-3432
155	872	3	1	0xE	0xC9	182505	0x30	150	return	target=0x30	source_path,busy_poll,call_return	s2.sounddriver.asm:343-389,947-1012,2088-2138,2837-2860,3271-3432
156	872	3	1	0x30	0x79	182655	0x31	60	linear	n/a	source_path,busy_poll	s2.sounddriver.asm:343-389,947-1012,2088-2138,2837-2860,3271-3432
157	872	3	1	0x31	0x32	182715	0x34	195	linear	n/a	source_path,busy_poll,ym_write	s2.sounddriver.asm:343-389,947-1012,2088-2138,2837-2860,3271-3432
158	872	4	1	0x34	0xF1	182910	0x35	150	linear	n/a	source_path	s2.sounddriver.asm:343-389,947-1012,2088-2138,2837-2860,3271-3432
159	872	4	1	0x35	0xC9	183060	0xE49	150	return	target=0xE49	source_path,call_return	s2.sounddriver.asm:343-389,947-1012,2088-2138,2837-2860,3271-3432
160	872	4	1	0xE49	0xC6	183210	0xE4B	105	linear	n/a	source_path	s2.sounddriver.asm:343-389,947-1012,2088-2138,2837-2860,3271-3432
161	872	4	1	0xE4B	0x10	183315	0xE4D	120	branch	not_taken	source_path	s2.sounddriver.asm:343-389,947-1012,2088-2138,2837-2860,3271-3432
162	872	4	1	0xE4D	0xF5	183435	0xE4E	165	linear	n/a	source_path	s2.sounddriver.asm:343-389,947-1012,2088-2138,2837-2860,3271-3432
163	872	4	1	0xE4E	0xC6	183600	0xE50	105	linear	n/a	source_path	s2.sounddriver.asm:343-389,947-1012,2088-2138,2837-2860,3271-3432
164	872	4	1	0xE50	0x06	183705	0xE52	105	linear	n/a	source_path	s2.sounddriver.asm:343-389,947-1012,2088-2138,2837-2860,3271-3432
165	872	4	1	0xE52	0x4E	183810	0xE53	150	linear	n/a	source_path,bank_wait_3t	s2.sounddriver.asm:343-389,947-1012,2088-2138,2837-2860,3271-3432
166	872	4	1	0xE53	0x23	183960	0xE54	90	linear	n/a	source_path	s2.sounddriver.asm:343-389,947-1012,2088-2138,2837-2860,3271-3432
167	872	4	1	0xE54	0xD7	184050	0x10	165	call	target=0x10	source_path,call_return	s2.sounddriver.asm:343-389,947-1012,2088-2138,2837-2860,3271-3432
168	872	4	1	0x10	0xDD	184215	0x14	300	linear	n/a	source_path,busy_poll	s2.sounddriver.asm:343-389,947-1012,2088-2138,2837-2860,3271-3432
169	872	4	1	0x14	0x28	184515	0x16	105	branch	not_taken	source_path,busy_poll	s2.sounddriver.asm:343-389,947-1012,2088-2138,2837-2860,3271-3432
170	872	4	1	0x16	0x18	184620	0x28	180	branch	target=0x28	source_path,busy_poll	s2.sounddriver.asm:343-389,947-1012,2088-2138,2837-2860,3271-3432
171	872	4	1	0x28	0xF5	184800	0x29	165	linear	n/a	source_path,busy_poll	s2.sounddriver.asm:343-389,947-1012,2088-2138,2837-2860,3271-3432
172	872	4	1	0x29	0xCF	184965	0x8	165	call	target=0x8	source_path,busy_poll,call_return	s2.sounddriver.asm:343-389,947-1012,2088-2138,2837-2860,3271-3432
173	872	4	1	0x8	0x3A	185130	0xB	195	linear	n/a	source_path,busy_poll	s2.sounddriver.asm:343-389,947-1012,2088-2138,2837-2860,3271-3432
174	872	4	1	0xB	0x87	185325	0xC	60	linear	n/a	source_path,busy_poll	s2.sounddriver.asm:343-389,947-1012,2088-2138,2837-2860,3271-3432
175	872	4	1	0xC	0x38	185385	0xE	105	branch	not_taken	source_path,busy_poll	s2.sounddriver.asm:343-389,947-1012,2088-2138,2837-2860,3271-3432
176	872	4	1	0xE	0xC9	185490	0x2A	150	return	target=0x2A	source_path,busy_poll,call_return	s2.sounddriver.asm:343-389,947-1012,2088-2138,2837-2860,3271-3432
177	872	4	1	0x2A	0xF1	185640	0x2B	150	linear	n/a	source_path,busy_poll	s2.sounddriver.asm:343-389,947-1012,2088-2138,2837-2860,3271-3432
178	872	4	1	0x2B	0x32	185790	0x2E	195	linear	n/a	source_path,busy_poll	s2.sounddriver.asm:343-389,947-1012,2088-2138,2837-2860,3271-3432
179	872	4	1	0x2E	0xF5	185985	0x2F	165	linear	n/a	source_path,busy_poll	s2.sounddriver.asm:343-389,947-1012,2088-2138,2837-2860,3271-3432
180	872	4	1	0x2F	0xCF	186150	0x8	165	call	target=0x8	source_path,busy_poll,call_return	s2.sounddriver.asm:343-389,947-1012,2088-2138,2837-2860,3271-3432
181	872	4	1	0x8	0x3A	186315	0xB	195	linear	n/a	source_path,busy_poll	s2.sounddriver.asm:343-389,947-1012,2088-2138,2837-2860,3271-3432
182	872	4	1	0xB	0x87	186510	0xC	60	linear	n/a	source_path,busy_poll	s2.sounddriver.asm:343-389,947-1012,2088-2138,2837-2860,3271-3432
183	872	4	1	0xC	0x38	186570	0xE	105	branch	not_taken	source_path,busy_poll	s2.sounddriver.asm:343-389,947-1012,2088-2138,2837-2860,3271-3432
184	872	4	1	0xE	0xC9	186675	0x30	150	return	target=0x30	source_path,busy_poll,call_return	s2.sounddriver.asm:343-389,947-1012,2088-2138,2837-2860,3271-3432
185	872	4	1	0x30	0x79	186825	0x31	60	linear	n/a	source_path,busy_poll	s2.sounddriver.asm:343-389,947-1012,2088-2138,2837-2860,3271-3432
186	872	4	1	0x31	0x32	186885	0x34	195	linear	n/a	source_path,busy_poll,ym_write	s2.sounddriver.asm:343-389,947-1012,2088-2138,2837-2860,3271-3432
187	872	5	1	0x34	0xF1	187080	0x35	150	linear	n/a	source_path	s2.sounddriver.asm:343-389,947-1012,2088-2138,2837-2860,3271-3432
188	872	5	1	0x35	0xC9	187230	0xE55	150	return	target=0xE55	source_path,call_return	s2.sounddriver.asm:343-389,947-1012,2088-2138,2837-2860,3271-3432
189	872	5	1	0xE55	0xC6	187380	0xE57	105	linear	n/a	source_path	s2.sounddriver.asm:343-389,947-1012,2088-2138,2837-2860,3271-3432
190	872	5	1	0xE57	0x10	187485	0xE52	195	branch	taken	source_path	s2.sounddriver.asm:343-389,947-1012,2088-2138,2837-2860,3271-3432
191	872	5	1	0xE52	0x4E	187680	0xE53	150	linear	n/a	source_path,bank_wait_3t	s2.sounddriver.asm:343-389,947-1012,2088-2138,2837-2860,3271-3432
192	872	5	1	0xE53	0x23	187830	0xE54	90	linear	n/a	source_path	s2.sounddriver.asm:343-389,947-1012,2088-2138,2837-2860,3271-3432
193	872	5	1	0xE54	0xD7	187920	0x10	165	call	target=0x10	source_path,call_return	s2.sounddriver.asm:343-389,947-1012,2088-2138,2837-2860,3271-3432
194	872	5	1	0x10	0xDD	188085	0x14	300	linear	n/a	source_path,busy_poll	s2.sounddriver.asm:343-389,947-1012,2088-2138,2837-2860,3271-3432
195	872	5	1	0x14	0x28	188385	0x16	105	branch	not_taken	source_path,busy_poll	s2.sounddriver.asm:343-389,947-1012,2088-2138,2837-2860,3271-3432
196	872	5	1	0x16	0x18	188490	0x28	180	branch	target=0x28	source_path,busy_poll	s2.sounddriver.asm:343-389,947-1012,2088-2138,2837-2860,3271-3432
197	872	5	1	0x28	0xF5	188670	0x29	165	linear	n/a	source_path,busy_poll	s2.sounddriver.asm:343-389,947-1012,2088-2138,2837-2860,3271-3432
198	872	5	1	0x29	0xCF	188835	0x8	165	call	target=0x8	source_path,busy_poll,call_return	s2.sounddriver.asm:343-389,947-1012,2088-2138,2837-2860,3271-3432
199	872	5	1	0x8	0x3A	189000	0xB	195	linear	n/a	source_path,busy_poll	s2.sounddriver.asm:343-389,947-1012,2088-2138,2837-2860,3271-3432
200	872	5	1	0xB	0x87	189195	0xC	60	linear	n/a	source_path,busy_poll	s2.sounddriver.asm:343-389,947-1012,2088-2138,2837-2860,3271-3432
201	872	5	1	0xC	0x38	189255	0xE	105	branch	not_taken	source_path,busy_poll	s2.sounddriver.asm:343-389,947-1012,2088-2138,2837-2860,3271-3432
202	872	5	1	0xE	0xC9	189360	0x2A	150	return	target=0x2A	source_path,busy_poll,call_return	s2.sounddriver.asm:343-389,947-1012,2088-2138,2837-2860,3271-3432
203	872	5	1	0x2A	0xF1	189510	0x2B	150	linear	n/a	source_path,busy_poll	s2.sounddriver.asm:343-389,947-1012,2088-2138,2837-2860,3271-3432
204	872	5	1	0x2B	0x32	189660	0x2E	195	linear	n/a	source_path,busy_poll	s2.sounddriver.asm:343-389,947-1012,2088-2138,2837-2860,3271-3432
205	872	5	1	0x2E	0xF5	189855	0x2F	165	linear	n/a	source_path,busy_poll	s2.sounddriver.asm:343-389,947-1012,2088-2138,2837-2860,3271-3432
206	872	5	1	0x2F	0xCF	190020	0x8	165	call	target=0x8	source_path,busy_poll,call_return	s2.sounddriver.asm:343-389,947-1012,2088-2138,2837-2860,3271-3432
207	872	5	1	0x8	0x3A	190185	0xB	195	linear	n/a	source_path,busy_poll	s2.sounddriver.asm:343-389,947-1012,2088-2138,2837-2860,3271-3432
208	872	5	1	0xB	0x87	190380	0xC	60	linear	n/a	source_path,busy_poll	s2.sounddriver.asm:343-389,947-1012,2088-2138,2837-2860,3271-3432
209	872	5	1	0xC	0x38	190440	0xE	105	branch	not_taken	source_path,busy_poll	s2.sounddriver.asm:343-389,947-1012,2088-2138,2837-2860,3271-3432
210	872	5	1	0xE	0xC9	190545	0x30	150	return	target=0x30	source_path,busy_poll,call_return	s2.sounddriver.asm:343-389,947-1012,2088-2138,2837-2860,3271-3432
211	872	5	1	0x30	0x79	190695	0x31	60	linear	n/a	source_path,busy_poll	s2.sounddriver.asm:343-389,947-1012,2088-2138,2837-2860,3271-3432
212	872	5	1	0x31	0x32	190755	0x34	195	linear	n/a	source_path,busy_poll,ym_write	s2.sounddriver.asm:343-389,947-1012,2088-2138,2837-2860,3271-3432
213	872	6	1	0x34	0xF1	190950	0x35	150	linear	n/a	source_path	s2.sounddriver.asm:343-389,947-1012,2088-2138,2837-2860,3271-3432
214	872	6	1	0x35	0xC9	191100	0xE55	150	return	target=0xE55	source_path,call_return	s2.sounddriver.asm:343-389,947-1012,2088-2138,2837-2860,3271-3432
215	872	6	1	0xE55	0xC6	191250	0xE57	105	linear	n/a	source_path	s2.sounddriver.asm:343-389,947-1012,2088-2138,2837-2860,3271-3432
216	872	6	1	0xE57	0x10	191355	0xE52	195	branch	taken	source_path	s2.sounddriver.asm:343-389,947-1012,2088-2138,2837-2860,3271-3432
217	872	6	1	0xE52	0x4E	191550	0xE53	150	linear	n/a	source_path,bank_wait_3t	s2.sounddriver.asm:343-389,947-1012,2088-2138,2837-2860,3271-3432
218	872	6	1	0xE53	0x23	191700	0xE54	90	linear	n/a	source_path	s2.sounddriver.asm:343-389,947-1012,2088-2138,2837-2860,3271-3432
219	872	6	1	0xE54	0xD7	191790	0x10	165	call	target=0x10	source_path,call_return	s2.sounddriver.asm:343-389,947-1012,2088-2138,2837-2860,3271-3432
220	872	6	1	0x10	0xDD	191955	0x14	300	linear	n/a	source_path,busy_poll	s2.sounddriver.asm:343-389,947-1012,2088-2138,2837-2860,3271-3432
221	872	6	1	0x14	0x28	192255	0x16	105	branch	not_taken	source_path,busy_poll	s2.sounddriver.asm:343-389,947-1012,2088-2138,2837-2860,3271-3432
222	872	6	1	0x16	0x18	192360	0x28	180	branch	target=0x28	source_path,busy_poll	s2.sounddriver.asm:343-389,947-1012,2088-2138,2837-2860,3271-3432
223	872	6	1	0x28	0xF5	192540	0x29	165	linear	n/a	source_path,busy_poll	s2.sounddriver.asm:343-389,947-1012,2088-2138,2837-2860,3271-3432
224	872	6	1	0x29	0xCF	192705	0x8	165	call	target=0x8	source_path,busy_poll,call_return	s2.sounddriver.asm:343-389,947-1012,2088-2138,2837-2860,3271-3432
225	872	6	1	0x8	0x3A	192870	0xB	195	linear	n/a	source_path,busy_poll	s2.sounddriver.asm:343-389,947-1012,2088-2138,2837-2860,3271-3432
226	872	6	1	0xB	0x87	193065	0xC	60	linear	n/a	source_path,busy_poll	s2.sounddriver.asm:343-389,947-1012,2088-2138,2837-2860,3271-3432
227	872	6	1	0xC	0x38	193125	0xE	105	branch	not_taken	source_path,busy_poll	s2.sounddriver.asm:343-389,947-1012,2088-2138,2837-2860,3271-3432
228	872	6	1	0xE	0xC9	193230	0x2A	150	return	target=0x2A	source_path,busy_poll,call_return	s2.sounddriver.asm:343-389,947-1012,2088-2138,2837-2860,3271-3432
229	872	6	1	0x2A	0xF1	193380	0x2B	150	linear	n/a	source_path,busy_poll	s2.sounddriver.asm:343-389,947-1012,2088-2138,2837-2860,3271-3432
230	872	6	1	0x2B	0x32	193530	0x2E	195	linear	n/a	source_path,busy_poll	s2.sounddriver.asm:343-389,947-1012,2088-2138,2837-2860,3271-3432
231	872	6	1	0x2E	0xF5	193725	0x2F	165	linear	n/a	source_path,busy_poll	s2.sounddriver.asm:343-389,947-1012,2088-2138,2837-2860,3271-3432
232	872	6	1	0x2F	0xCF	193890	0x8	165	call	target=0x8	source_path,busy_poll,call_return	s2.sounddriver.asm:343-389,947-1012,2088-2138,2837-2860,3271-3432
233	872	6	1	0x8	0x3A	194055	0xB	195	linear	n/a	source_path,busy_poll	s2.sounddriver.asm:343-389,947-1012,2088-2138,2837-2860,3271-3432
234	872	6	1	0xB	0x87	194250	0xC	60	linear	n/a	source_path,busy_poll	s2.sounddriver.asm:343-389,947-1012,2088-2138,2837-2860,3271-3432
235	872	6	1	0xC	0x38	194310	0xE	105	branch	not_taken	source_path,busy_poll	s2.sounddriver.asm:343-389,947-1012,2088-2138,2837-2860,3271-3432
236	872	6	1	0xE	0xC9	194415	0x30	150	return	target=0x30	source_path,busy_poll,call_return	s2.sounddriver.asm:343-389,947-1012,2088-2138,2837-2860,3271-3432
237	872	6	1	0x30	0x79	194565	0x31	60	linear	n/a	source_path,busy_poll	s2.sounddriver.asm:343-389,947-1012,2088-2138,2837-2860,3271-3432
238	872	6	1	0x31	0x32	194625	0x34	195	linear	n/a	source_path,busy_poll,ym_write	s2.sounddriver.asm:343-389,947-1012,2088-2138,2837-2860,3271-3432
239	872	7	1	0x34	0xF1	194820	0x35	150	linear	n/a	source_path	s2.sounddriver.asm:343-389,947-1012,2088-2138,2837-2860,3271-3432
240	872	7	1	0x35	0xC9	194970	0xE55	150	return	target=0xE55	source_path,call_return	s2.sounddriver.asm:343-389,947-1012,2088-2138,2837-2860,3271-3432
241	872	7	1	0xE55	0xC6	195120	0xE57	105	linear	n/a	source_path	s2.sounddriver.asm:343-389,947-1012,2088-2138,2837-2860,3271-3432
242	872	7	1	0xE57	0x10	195225	0xE52	195	branch	taken	source_path	s2.sounddriver.asm:343-389,947-1012,2088-2138,2837-2860,3271-3432
243	872	7	1	0xE52	0x4E	195420	0xE53	150	linear	n/a	source_path,bank_wait_3t	s2.sounddriver.asm:343-389,947-1012,2088-2138,2837-2860,3271-3432
244	872	7	1	0xE53	0x23	195570	0xE54	90	linear	n/a	source_path	s2.sounddriver.asm:343-389,947-1012,2088-2138,2837-2860,3271-3432
245	872	7	1	0xE54	0xD7	195660	0x10	165	call	target=0x10	source_path,call_return	s2.sounddriver.asm:343-389,947-1012,2088-2138,2837-2860,3271-3432
246	872	7	1	0x10	0xDD	195825	0x14	300	linear	n/a	source_path,busy_poll	s2.sounddriver.asm:343-389,947-1012,2088-2138,2837-2860,3271-3432
247	872	7	1	0x14	0x28	196125	0x16	105	branch	not_taken	source_path,busy_poll	s2.sounddriver.asm:343-389,947-1012,2088-2138,2837-2860,3271-3432
248	872	7	1	0x16	0x18	196230	0x28	180	branch	target=0x28	source_path,busy_poll	s2.sounddriver.asm:343-389,947-1012,2088-2138,2837-2860,3271-3432
249	872	7	1	0x28	0xF5	196410	0x29	165	linear	n/a	source_path,busy_poll	s2.sounddriver.asm:343-389,947-1012,2088-2138,2837-2860,3271-3432
250	872	7	1	0x29	0xCF	196575	0x8	165	call	target=0x8	source_path,busy_poll,call_return	s2.sounddriver.asm:343-389,947-1012,2088-2138,2837-2860,3271-3432
251	872	7	1	0x8	0x3A	196740	0xB	195	linear	n/a	source_path,busy_poll	s2.sounddriver.asm:343-389,947-1012,2088-2138,2837-2860,3271-3432
252	872	7	1	0xB	0x87	196935	0xC	60	linear	n/a	source_path,busy_poll	s2.sounddriver.asm:343-389,947-1012,2088-2138,2837-2860,3271-3432
253	872	7	1	0xC	0x38	196995	0xE	105	branch	not_taken	source_path,busy_poll	s2.sounddriver.asm:343-389,947-1012,2088-2138,2837-2860,3271-3432
254	872	7	1	0xE	0xC9	197100	0x2A	150	return	target=0x2A	source_path,busy_poll,call_return	s2.sounddriver.asm:343-389,947-1012,2088-2138,2837-2860,3271-3432
255	872	7	1	0x2A	0xF1	197250	0x2B	150	linear	n/a	source_path,busy_poll	s2.sounddriver.asm:343-389,947-1012,2088-2138,2837-2860,3271-3432
256	872	7	1	0x2B	0x32	197400	0x2E	195	linear	n/a	source_path,busy_poll	s2.sounddriver.asm:343-389,947-1012,2088-2138,2837-2860,3271-3432
257	872	7	1	0x2E	0xF5	197595	0x2F	165	linear	n/a	source_path,busy_poll	s2.sounddriver.asm:343-389,947-1012,2088-2138,2837-2860,3271-3432
258	872	7	1	0x2F	0xCF	197760	0x8	165	call	target=0x8	source_path,busy_poll,call_return	s2.sounddriver.asm:343-389,947-1012,2088-2138,2837-2860,3271-3432
259	872	7	1	0x8	0x3A	197925	0xB	195	linear	n/a	source_path,busy_poll	s2.sounddriver.asm:343-389,947-1012,2088-2138,2837-2860,3271-3432
260	872	7	1	0xB	0x87	198120	0xC	60	linear	n/a	source_path,busy_poll	s2.sounddriver.asm:343-389,947-1012,2088-2138,2837-2860,3271-3432
261	872	7	1	0xC	0x38	198180	0xE	105	branch	not_taken	source_path,busy_poll	s2.sounddriver.asm:343-389,947-1012,2088-2138,2837-2860,3271-3432
262	872	7	1	0xE	0xC9	198285	0x30	150	return	target=0x30	source_path,busy_poll,call_return	s2.sounddriver.asm:343-389,947-1012,2088-2138,2837-2860,3271-3432
263	872	7	1	0x30	0x79	198435	0x31	60	linear	n/a	source_path,busy_poll	s2.sounddriver.asm:343-389,947-1012,2088-2138,2837-2860,3271-3432
264	872	7	1	0x31	0x32	198495	0x34	195	linear	n/a	source_path,busy_poll,ym_write	s2.sounddriver.asm:343-389,947-1012,2088-2138,2837-2860,3271-3432
265	872	8	1	0x34	0xF1	198690	0x35	150	linear	n/a	source_path	s2.sounddriver.asm:343-389,947-1012,2088-2138,2837-2860,3271-3432
266	872	8	1	0x35	0xC9	198840	0xE55	150	return	target=0xE55	source_path,call_return	s2.sounddriver.asm:343-389,947-1012,2088-2138,2837-2860,3271-3432
267	872	8	1	0xE55	0xC6	198990	0xE57	105	linear	n/a	source_path	s2.sounddriver.asm:343-389,947-1012,2088-2138,2837-2860,3271-3432
268	872	8	1	0xE57	0x10	199095	0xE52	195	branch	taken	source_path	s2.sounddriver.asm:343-389,947-1012,2088-2138,2837-2860,3271-3432
269	872	8	1	0xE52	0x4E	199290	0xE53	150	linear	n/a	source_path,bank_wait_3t	s2.sounddriver.asm:343-389,947-1012,2088-2138,2837-2860,3271-3432
270	872	8	1	0xE53	0x23	199440	0xE54	90	linear	n/a	source_path	s2.sounddriver.asm:343-389,947-1012,2088-2138,2837-2860,3271-3432
271	872	8	1	0xE54	0xD7	199530	0x10	165	call	target=0x10	source_path,call_return	s2.sounddriver.asm:343-389,947-1012,2088-2138,2837-2860,3271-3432
272	872	8	1	0x10	0xDD	199695	0x14	300	linear	n/a	source_path,busy_poll	s2.sounddriver.asm:343-389,947-1012,2088-2138,2837-2860,3271-3432
273	872	8	1	0x14	0x28	199995	0x16	105	branch	not_taken	source_path,busy_poll	s2.sounddriver.asm:343-389,947-1012,2088-2138,2837-2860,3271-3432
274	872	8	1	0x16	0x18	200100	0x28	180	branch	target=0x28	source_path,busy_poll	s2.sounddriver.asm:343-389,947-1012,2088-2138,2837-2860,3271-3432
275	872	8	1	0x28	0xF5	200280	0x29	165	linear	n/a	source_path,busy_poll	s2.sounddriver.asm:343-389,947-1012,2088-2138,2837-2860,3271-3432
276	872	8	1	0x29	0xCF	200445	0x8	165	call	target=0x8	source_path,busy_poll,call_return	s2.sounddriver.asm:343-389,947-1012,2088-2138,2837-2860,3271-3432
277	872	8	1	0x8	0x3A	200610	0xB	195	linear	n/a	source_path,busy_poll	s2.sounddriver.asm:343-389,947-1012,2088-2138,2837-2860,3271-3432
278	872	8	1	0xB	0x87	200805	0xC	60	linear	n/a	source_path,busy_poll	s2.sounddriver.asm:343-389,947-1012,2088-2138,2837-2860,3271-3432
279	872	8	1	0xC	0x38	200865	0xE	105	branch	not_taken	source_path,busy_poll	s2.sounddriver.asm:343-389,947-1012,2088-2138,2837-2860,3271-3432
280	872	8	1	0xE	0xC9	200970	0x2A	150	return	target=0x2A	source_path,busy_poll,call_return	s2.sounddriver.asm:343-389,947-1012,2088-2138,2837-2860,3271-3432
281	872	8	1	0x2A	0xF1	201120	0x2B	150	linear	n/a	source_path,busy_poll	s2.sounddriver.asm:343-389,947-1012,2088-2138,2837-2860,3271-3432
282	872	8	1	0x2B	0x32	201270	0x2E	195	linear	n/a	source_path,busy_poll	s2.sounddriver.asm:343-389,947-1012,2088-2138,2837-2860,3271-3432
283	872	8	1	0x2E	0xF5	201465	0x2F	165	linear	n/a	source_path,busy_poll	s2.sounddriver.asm:343-389,947-1012,2088-2138,2837-2860,3271-3432
284	872	8	1	0x2F	0xCF	201630	0x8	165	call	target=0x8	source_path,busy_poll,call_return	s2.sounddriver.asm:343-389,947-1012,2088-2138,2837-2860,3271-3432
285	872	8	1	0x8	0x3A	201795	0xB	195	linear	n/a	source_path,busy_poll	s2.sounddriver.asm:343-389,947-1012,2088-2138,2837-2860,3271-3432
286	872	8	1	0xB	0x87	201990	0xC	60	linear	n/a	source_path,busy_poll	s2.sounddriver.asm:343-389,947-1012,2088-2138,2837-2860,3271-3432
287	872	8	1	0xC	0x38	202050	0xE	105	branch	not_taken	source_path,busy_poll	s2.sounddriver.asm:343-389,947-1012,2088-2138,2837-2860,3271-3432
288	872	8	1	0xE	0xC9	202155	0x30	150	return	target=0x30	source_path,busy_poll,call_return	s2.sounddriver.asm:343-389,947-1012,2088-2138,2837-2860,3271-3432
289	872	8	1	0x30	0x79	202305	0x31	60	linear	n/a	source_path,busy_poll	s2.sounddriver.asm:343-389,947-1012,2088-2138,2837-2860,3271-3432
290	872	8	1	0x31	0x32	202365	0x34	195	linear	n/a	source_path,busy_poll,ym_write	s2.sounddriver.asm:343-389,947-1012,2088-2138,2837-2860,3271-3432
291	872	9	1	0x34	0xF1	202560	0x35	150	linear	n/a	source_path	s2.sounddriver.asm:343-389,947-1012,2088-2138,2837-2860,3271-3432
292	872	9	1	0x35	0xC9	202710	0xE55	150	return	target=0xE55	source_path,call_return	s2.sounddriver.asm:343-389,947-1012,2088-2138,2837-2860,3271-3432
293	872	9	1	0xE55	0xC6	202860	0xE57	105	linear	n/a	source_path	s2.sounddriver.asm:343-389,947-1012,2088-2138,2837-2860,3271-3432
294	872	9	1	0xE57	0x10	202965	0xE52	195	branch	taken	source_path	s2.sounddriver.asm:343-389,947-1012,2088-2138,2837-2860,3271-3432
295	872	9	1	0xE52	0x4E	203160	0xE53	150	linear	n/a	source_path,bank_wait_3t	s2.sounddriver.asm:343-389,947-1012,2088-2138,2837-2860,3271-3432
296	872	9	1	0xE53	0x23	203310	0xE54	90	linear	n/a	source_path	s2.sounddriver.asm:343-389,947-1012,2088-2138,2837-2860,3271-3432
297	872	9	1	0xE54	0xD7	203400	0x10	165	call	target=0x10	source_path,call_return	s2.sounddriver.asm:343-389,947-1012,2088-2138,2837-2860,3271-3432
298	872	9	1	0x10	0xDD	203565	0x14	300	linear	n/a	source_path,busy_poll	s2.sounddriver.asm:343-389,947-1012,2088-2138,2837-2860,3271-3432
299	872	9	1	0x14	0x28	203865	0x16	105	branch	not_taken	source_path,busy_poll	s2.sounddriver.asm:343-389,947-1012,2088-2138,2837-2860,3271-3432
300	872	9	1	0x16	0x18	203970	0x28	180	branch	target=0x28	source_path,busy_poll	s2.sounddriver.asm:343-389,947-1012,2088-2138,2837-2860,3271-3432
301	872	9	1	0x28	0xF5	204150	0x29	165	linear	n/a	source_path,busy_poll	s2.sounddriver.asm:343-389,947-1012,2088-2138,2837-2860,3271-3432
302	872	9	1	0x29	0xCF	204315	0x8	165	call	target=0x8	source_path,busy_poll,call_return	s2.sounddriver.asm:343-389,947-1012,2088-2138,2837-2860,3271-3432
303	872	9	1	0x8	0x3A	204480	0xB	195	linear	n/a	source_path,busy_poll	s2.sounddriver.asm:343-389,947-1012,2088-2138,2837-2860,3271-3432
304	872	9	1	0xB	0x87	204675	0xC	60	linear	n/a	source_path,busy_poll	s2.sounddriver.asm:343-389,947-1012,2088-2138,2837-2860,3271-3432
305	872	9	1	0xC	0x38	204735	0xE	105	branch	not_taken	source_path,busy_poll	s2.sounddriver.asm:343-389,947-1012,2088-2138,2837-2860,3271-3432
306	872	9	1	0xE	0xC9	204840	0x2A	150	return	target=0x2A	source_path,busy_poll,call_return	s2.sounddriver.asm:343-389,947-1012,2088-2138,2837-2860,3271-3432
307	872	9	1	0x2A	0xF1	204990	0x2B	150	linear	n/a	source_path,busy_poll	s2.sounddriver.asm:343-389,947-1012,2088-2138,2837-2860,3271-3432
308	872	9	1	0x2B	0x32	205140	0x2E	195	linear	n/a	source_path,busy_poll	s2.sounddriver.asm:343-389,947-1012,2088-2138,2837-2860,3271-3432
309	872	9	1	0x2E	0xF5	205335	0x2F	165	linear	n/a	source_path,busy_poll	s2.sounddriver.asm:343-389,947-1012,2088-2138,2837-2860,3271-3432
310	872	9	1	0x2F	0xCF	205500	0x8	165	call	target=0x8	source_path,busy_poll,call_return	s2.sounddriver.asm:343-389,947-1012,2088-2138,2837-2860,3271-3432
311	872	9	1	0x8	0x3A	205665	0xB	195	linear	n/a	source_path,busy_poll	s2.sounddriver.asm:343-389,947-1012,2088-2138,2837-2860,3271-3432
312	872	9	1	0xB	0x87	205860	0xC	60	linear	n/a	source_path,busy_poll	s2.sounddriver.asm:343-389,947-1012,2088-2138,2837-2860,3271-3432
313	872	9	1	0xC	0x38	205920	0xE	105	branch	not_taken	source_path,busy_poll	s2.sounddriver.asm:343-389,947-1012,2088-2138,2837-2860,3271-3432
314	872	9	1	0xE	0xC9	206025	0x30	150	return	target=0x30	source_path,busy_poll,call_return	s2.sounddriver.asm:343-389,947-1012,2088-2138,2837-2860,3271-3432
315	872	9	1	0x30	0x79	206175	0x31	60	linear	n/a	source_path,busy_poll	s2.sounddriver.asm:343-389,947-1012,2088-2138,2837-2860,3271-3432
316	872	9	1	0x31	0x32	206235	0x34	195	linear	n/a	source_path,busy_poll,ym_write	s2.sounddriver.asm:343-389,947-1012,2088-2138,2837-2860,3271-3432
317	872	10	1	0x34	0xF1	206430	0x35	150	linear	n/a	source_path	s2.sounddriver.asm:343-389,947-1012,2088-2138,2837-2860,3271-3432
318	872	10	1	0x35	0xC9	206580	0xE55	150	return	target=0xE55	source_path,call_return	s2.sounddriver.asm:343-389,947-1012,2088-2138,2837-2860,3271-3432
319	872	10	1	0xE55	0xC6	206730	0xE57	105	linear	n/a	source_path	s2.sounddriver.asm:343-389,947-1012,2088-2138,2837-2860,3271-3432
320	872	10	1	0xE57	0x10	206835	0xE52	195	branch	taken	source_path	s2.sounddriver.asm:343-389,947-1012,2088-2138,2837-2860,3271-3432
321	872	10	1	0xE52	0x4E	207030	0xE53	150	linear	n/a	source_path,bank_wait_3t	s2.sounddriver.asm:343-389,947-1012,2088-2138,2837-2860,3271-3432
322	872	10	1	0xE53	0x23	207180	0xE54	90	linear	n/a	source_path	s2.sounddriver.asm:343-389,947-1012,2088-2138,2837-2860,3271-3432
323	872	10	1	0xE54	0xD7	207270	0x10	165	call	target=0x10	source_path,call_return	s2.sounddriver.asm:343-389,947-1012,2088-2138,2837-2860,3271-3432
324	872	10	1	0x10	0xDD	207435	0x14	300	linear	n/a	source_path,busy_poll	s2.sounddriver.asm:343-389,947-1012,2088-2138,2837-2860,3271-3432
325	872	10	1	0x14	0x28	207735	0x16	105	branch	not_taken	source_path,busy_poll	s2.sounddriver.asm:343-389,947-1012,2088-2138,2837-2860,3271-3432
326	872	10	1	0x16	0x18	207840	0x28	180	branch	target=0x28	source_path,busy_poll	s2.sounddriver.asm:343-389,947-1012,2088-2138,2837-2860,3271-3432
327	872	10	1	0x28	0xF5	208020	0x29	165	linear	n/a	source_path,busy_poll	s2.sounddriver.asm:343-389,947-1012,2088-2138,2837-2860,3271-3432
328	872	10	1	0x29	0xCF	208185	0x8	165	call	target=0x8	source_path,busy_poll,call_return	s2.sounddriver.asm:343-389,947-1012,2088-2138,2837-2860,3271-3432
329	872	10	1	0x8	0x3A	208350	0xB	195	linear	n/a	source_path,busy_poll	s2.sounddriver.asm:343-389,947-1012,2088-2138,2837-2860,3271-3432
330	872	10	1	0xB	0x87	208545	0xC	60	linear	n/a	source_path,busy_poll	s2.sounddriver.asm:343-389,947-1012,2088-2138,2837-2860,3271-3432
331	872	10	1	0xC	0x38	208605	0xE	105	branch	not_taken	source_path,busy_poll	s2.sounddriver.asm:343-389,947-1012,2088-2138,2837-2860,3271-3432
332	872	10	1	0xE	0xC9	208710	0x2A	150	return	target=0x2A	source_path,busy_poll,call_return	s2.sounddriver.asm:343-389,947-1012,2088-2138,2837-2860,3271-3432
333	872	10	1	0x2A	0xF1	208860	0x2B	150	linear	n/a	source_path,busy_poll	s2.sounddriver.asm:343-389,947-1012,2088-2138,2837-2860,3271-3432
334	872	10	1	0x2B	0x32	209010	0x2E	195	linear	n/a	source_path,busy_poll	s2.sounddriver.asm:343-389,947-1012,2088-2138,2837-2860,3271-3432
335	872	10	1	0x2E	0xF5	209205	0x2F	165	linear	n/a	source_path,busy_poll	s2.sounddriver.asm:343-389,947-1012,2088-2138,2837-2860,3271-3432
336	872	10	1	0x2F	0xCF	209370	0x8	165	call	target=0x8	source_path,busy_poll,call_return	s2.sounddriver.asm:343-389,947-1012,2088-2138,2837-2860,3271-3432
337	872	10	1	0x8	0x3A	209535	0xB	195	linear	n/a	source_path,busy_poll	s2.sounddriver.asm:343-389,947-1012,2088-2138,2837-2860,3271-3432
338	872	10	1	0xB	0x87	209730	0xC	60	linear	n/a	source_path,busy_poll	s2.sounddriver.asm:343-389,947-1012,2088-2138,2837-2860,3271-3432
339	872	10	1	0xC	0x38	209790	0xE	105	branch	not_taken	source_path,busy_poll	s2.sounddriver.asm:343-389,947-1012,2088-2138,2837-2860,3271-3432
340	872	10	1	0xE	0xC9	209895	0x30	150	return	target=0x30	source_path,busy_poll,call_return	s2.sounddriver.asm:343-389,947-1012,2088-2138,2837-2860,3271-3432
341	872	10	1	0x30	0x79	210045	0x31	60	linear	n/a	source_path,busy_poll	s2.sounddriver.asm:343-389,947-1012,2088-2138,2837-2860,3271-3432
342	872	10	1	0x31	0x32	210105	0x34	195	linear	n/a	source_path,busy_poll,ym_write	s2.sounddriver.asm:343-389,947-1012,2088-2138,2837-2860,3271-3432
343	872	11	1	0x34	0xF1	210300	0x35	150	linear	n/a	source_path	s2.sounddriver.asm:343-389,947-1012,2088-2138,2837-2860,3271-3432
344	872	11	1	0x35	0xC9	210450	0xE55	150	return	target=0xE55	source_path,call_return	s2.sounddriver.asm:343-389,947-1012,2088-2138,2837-2860,3271-3432
345	872	11	1	0xE55	0xC6	210600	0xE57	105	linear	n/a	source_path	s2.sounddriver.asm:343-389,947-1012,2088-2138,2837-2860,3271-3432
346	872	11	1	0xE57	0x10	210705	0xE52	195	branch	taken	source_path	s2.sounddriver.asm:343-389,947-1012,2088-2138,2837-2860,3271-3432
347	872	11	1	0xE52	0x4E	210900	0xE53	150	linear	n/a	source_path,bank_wait_3t	s2.sounddriver.asm:343-389,947-1012,2088-2138,2837-2860,3271-3432
348	872	11	1	0xE53	0x23	211050	0xE54	90	linear	n/a	source_path	s2.sounddriver.asm:343-389,947-1012,2088-2138,2837-2860,3271-3432
349	872	11	1	0xE54	0xD7	211140	0x10	165	call	target=0x10	source_path,call_return	s2.sounddriver.asm:343-389,947-1012,2088-2138,2837-2860,3271-3432
350	872	11	1	0x10	0xDD	211305	0x14	300	linear	n/a	source_path,busy_poll	s2.sounddriver.asm:343-389,947-1012,2088-2138,2837-2860,3271-3432
351	872	11	1	0x14	0x28	211605	0x16	105	branch	not_taken	source_path,busy_poll	s2.sounddriver.asm:343-389,947-1012,2088-2138,2837-2860,3271-3432
352	872	11	1	0x16	0x18	211710	0x28	180	branch	target=0x28	source_path,busy_poll	s2.sounddriver.asm:343-389,947-1012,2088-2138,2837-2860,3271-3432
353	872	11	1	0x28	0xF5	211890	0x29	165	linear	n/a	source_path,busy_poll	s2.sounddriver.asm:343-389,947-1012,2088-2138,2837-2860,3271-3432
354	872	11	1	0x29	0xCF	212055	0x8	165	call	target=0x8	source_path,busy_poll,call_return	s2.sounddriver.asm:343-389,947-1012,2088-2138,2837-2860,3271-3432
355	872	11	1	0x8	0x3A	212220	0xB	195	linear	n/a	source_path,busy_poll	s2.sounddriver.asm:343-389,947-1012,2088-2138,2837-2860,3271-3432
356	872	11	1	0xB	0x87	212415	0xC	60	linear	n/a	source_path,busy_poll	s2.sounddriver.asm:343-389,947-1012,2088-2138,2837-2860,3271-3432
357	872	11	1	0xC	0x38	212475	0xE	105	branch	not_taken	source_path,busy_poll	s2.sounddriver.asm:343-389,947-1012,2088-2138,2837-2860,3271-3432
358	872	11	1	0xE	0xC9	212580	0x2A	150	return	target=0x2A	source_path,busy_poll,call_return	s2.sounddriver.asm:343-389,947-1012,2088-2138,2837-2860,3271-3432
359	872	11	1	0x2A	0xF1	212730	0x2B	150	linear	n/a	source_path,busy_poll	s2.sounddriver.asm:343-389,947-1012,2088-2138,2837-2860,3271-3432
360	872	11	1	0x2B	0x32	212880	0x2E	195	linear	n/a	source_path,busy_poll	s2.sounddriver.asm:343-389,947-1012,2088-2138,2837-2860,3271-3432
361	872	11	1	0x2E	0xF5	213075	0x2F	165	linear	n/a	source_path,busy_poll	s2.sounddriver.asm:343-389,947-1012,2088-2138,2837-2860,3271-3432
362	872	11	1	0x2F	0xCF	213240	0x8	165	call	target=0x8	source_path,busy_poll,call_return	s2.sounddriver.asm:343-389,947-1012,2088-2138,2837-2860,3271-3432
363	872	11	1	0x8	0x3A	213405	0xB	195	linear	n/a	source_path,busy_poll	s2.sounddriver.asm:343-389,947-1012,2088-2138,2837-2860,3271-3432
364	872	11	1	0xB	0x87	213600	0xC	60	linear	n/a	source_path,busy_poll	s2.sounddriver.asm:343-389,947-1012,2088-2138,2837-2860,3271-3432
365	872	11	1	0xC	0x38	213660	0xE	105	branch	not_taken	source_path,busy_poll	s2.sounddriver.asm:343-389,947-1012,2088-2138,2837-2860,3271-3432
366	872	11	1	0xE	0xC9	213765	0x30	150	return	target=0x30	source_path,busy_poll,call_return	s2.sounddriver.asm:343-389,947-1012,2088-2138,2837-2860,3271-3432
367	872	11	1	0x30	0x79	213915	0x31	60	linear	n/a	source_path,busy_poll	s2.sounddriver.asm:343-389,947-1012,2088-2138,2837-2860,3271-3432
368	872	11	1	0x31	0x32	213975	0x34	195	linear	n/a	source_path,busy_poll,ym_write	s2.sounddriver.asm:343-389,947-1012,2088-2138,2837-2860,3271-3432
369	872	12	1	0x34	0xF1	214170	0x35	150	linear	n/a	source_path	s2.sounddriver.asm:343-389,947-1012,2088-2138,2837-2860,3271-3432
370	872	12	1	0x35	0xC9	214320	0xE55	150	return	target=0xE55	source_path,call_return	s2.sounddriver.asm:343-389,947-1012,2088-2138,2837-2860,3271-3432
371	872	12	1	0xE55	0xC6	214470	0xE57	105	linear	n/a	source_path	s2.sounddriver.asm:343-389,947-1012,2088-2138,2837-2860,3271-3432
372	872	12	1	0xE57	0x10	214575	0xE52	195	branch	taken	source_path	s2.sounddriver.asm:343-389,947-1012,2088-2138,2837-2860,3271-3432
373	872	12	1	0xE52	0x4E	214770	0xE53	150	linear	n/a	source_path,bank_wait_3t	s2.sounddriver.asm:343-389,947-1012,2088-2138,2837-2860,3271-3432
374	872	12	1	0xE53	0x23	214920	0xE54	90	linear	n/a	source_path	s2.sounddriver.asm:343-389,947-1012,2088-2138,2837-2860,3271-3432
375	872	12	1	0xE54	0xD7	215010	0x10	165	call	target=0x10	source_path,call_return	s2.sounddriver.asm:343-389,947-1012,2088-2138,2837-2860,3271-3432
376	872	12	1	0x10	0xDD	215175	0x14	300	linear	n/a	source_path,busy_poll	s2.sounddriver.asm:343-389,947-1012,2088-2138,2837-2860,3271-3432
377	872	12	1	0x14	0x28	215475	0x16	105	branch	not_taken	source_path,busy_poll	s2.sounddriver.asm:343-389,947-1012,2088-2138,2837-2860,3271-3432
378	872	12	1	0x16	0x18	215580	0x28	180	branch	target=0x28	source_path,busy_poll	s2.sounddriver.asm:343-389,947-1012,2088-2138,2837-2860,3271-3432
379	872	12	1	0x28	0xF5	215760	0x29	165	linear	n/a	source_path,busy_poll	s2.sounddriver.asm:343-389,947-1012,2088-2138,2837-2860,3271-3432
380	872	12	1	0x29	0xCF	215925	0x8	165	call	target=0x8	source_path,busy_poll,call_return	s2.sounddriver.asm:343-389,947-1012,2088-2138,2837-2860,3271-3432
381	872	12	1	0x8	0x3A	216090	0xB	195	linear	n/a	source_path,busy_poll	s2.sounddriver.asm:343-389,947-1012,2088-2138,2837-2860,3271-3432
382	872	12	1	0xB	0x87	216285	0xC	60	linear	n/a	source_path,busy_poll	s2.sounddriver.asm:343-389,947-1012,2088-2138,2837-2860,3271-3432
383	872	12	1	0xC	0x38	216345	0xE	105	branch	not_taken	source_path,busy_poll	s2.sounddriver.asm:343-389,947-1012,2088-2138,2837-2860,3271-3432
384	872	12	1	0xE	0xC9	216450	0x2A	150	return	target=0x2A	source_path,busy_poll,call_return	s2.sounddriver.asm:343-389,947-1012,2088-2138,2837-2860,3271-3432
385	872	12	1	0x2A	0xF1	216600	0x2B	150	linear	n/a	source_path,busy_poll	s2.sounddriver.asm:343-389,947-1012,2088-2138,2837-2860,3271-3432
386	872	12	1	0x2B	0x32	216750	0x2E	195	linear	n/a	source_path,busy_poll	s2.sounddriver.asm:343-389,947-1012,2088-2138,2837-2860,3271-3432
387	872	12	1	0x2E	0xF5	216945	0x2F	165	linear	n/a	source_path,busy_poll	s2.sounddriver.asm:343-389,947-1012,2088-2138,2837-2860,3271-3432
388	872	12	1	0x2F	0xCF	217110	0x8	165	call	target=0x8	source_path,busy_poll,call_return	s2.sounddriver.asm:343-389,947-1012,2088-2138,2837-2860,3271-3432
389	872	12	1	0x8	0x3A	217275	0xB	195	linear	n/a	source_path,busy_poll	s2.sounddriver.asm:343-389,947-1012,2088-2138,2837-2860,3271-3432
390	872	12	1	0xB	0x87	217470	0xC	60	linear	n/a	source_path,busy_poll	s2.sounddriver.asm:343-389,947-1012,2088-2138,2837-2860,3271-3432
391	872	12	1	0xC	0x38	217530	0xE	105	branch	not_taken	source_path,busy_poll	s2.sounddriver.asm:343-389,947-1012,2088-2138,2837-2860,3271-3432
392	872	12	1	0xE	0xC9	217635	0x30	150	return	target=0x30	source_path,busy_poll,call_return	s2.sounddriver.asm:343-389,947-1012,2088-2138,2837-2860,3271-3432
393	872	12	1	0x30	0x79	217785	0x31	60	linear	n/a	source_path,busy_poll	s2.sounddriver.asm:343-389,947-1012,2088-2138,2837-2860,3271-3432
394	872	12	1	0x31	0x32	217845	0x34	195	linear	n/a	source_path,busy_poll,ym_write	s2.sounddriver.asm:343-389,947-1012,2088-2138,2837-2860,3271-3432
395	872	13	1	0x34	0xF1	218040	0x35	150	linear	n/a	source_path	s2.sounddriver.asm:343-389,947-1012,2088-2138,2837-2860,3271-3432
396	872	13	1	0x35	0xC9	218190	0xE55	150	return	target=0xE55	source_path,call_return	s2.sounddriver.asm:343-389,947-1012,2088-2138,2837-2860,3271-3432
397	872	13	1	0xE55	0xC6	218340	0xE57	105	linear	n/a	source_path	s2.sounddriver.asm:343-389,947-1012,2088-2138,2837-2860,3271-3432
398	872	13	1	0xE57	0x10	218445	0xE52	195	branch	taken	source_path	s2.sounddriver.asm:343-389,947-1012,2088-2138,2837-2860,3271-3432
399	872	13	1	0xE52	0x4E	218640	0xE53	150	linear	n/a	source_path,bank_wait_3t	s2.sounddriver.asm:343-389,947-1012,2088-2138,2837-2860,3271-3432
400	872	13	1	0xE53	0x23	218790	0xE54	90	linear	n/a	source_path	s2.sounddriver.asm:343-389,947-1012,2088-2138,2837-2860,3271-3432
401	872	13	1	0xE54	0xD7	218880	0x10	165	call	target=0x10	source_path,call_return	s2.sounddriver.asm:343-389,947-1012,2088-2138,2837-2860,3271-3432
402	872	13	1	0x10	0xDD	219045	0x14	300	linear	n/a	source_path,busy_poll	s2.sounddriver.asm:343-389,947-1012,2088-2138,2837-2860,3271-3432
403	872	13	1	0x14	0x28	219345	0x16	105	branch	not_taken	source_path,busy_poll	s2.sounddriver.asm:343-389,947-1012,2088-2138,2837-2860,3271-3432
404	872	13	1	0x16	0x18	219450	0x28	180	branch	target=0x28	source_path,busy_poll	s2.sounddriver.asm:343-389,947-1012,2088-2138,2837-2860,3271-3432
405	872	13	1	0x28	0xF5	219630	0x29	165	linear	n/a	source_path,busy_poll	s2.sounddriver.asm:343-389,947-1012,2088-2138,2837-2860,3271-3432
406	872	13	1	0x29	0xCF	219795	0x8	165	call	target=0x8	source_path,busy_poll,call_return	s2.sounddriver.asm:343-389,947-1012,2088-2138,2837-2860,3271-3432
407	872	13	1	0x8	0x3A	219960	0xB	195	linear	n/a	source_path,busy_poll	s2.sounddriver.asm:343-389,947-1012,2088-2138,2837-2860,3271-3432
408	872	13	1	0xB	0x87	220155	0xC	60	linear	n/a	source_path,busy_poll	s2.sounddriver.asm:343-389,947-1012,2088-2138,2837-2860,3271-3432
409	872	13	1	0xC	0x38	220215	0xE	105	branch	not_taken	source_path,busy_poll	s2.sounddriver.asm:343-389,947-1012,2088-2138,2837-2860,3271-3432
410	872	13	1	0xE	0xC9	220320	0x2A	150	return	target=0x2A	source_path,busy_poll,call_return	s2.sounddriver.asm:343-389,947-1012,2088-2138,2837-2860,3271-3432
411	872	13	1	0x2A	0xF1	220470	0x2B	150	linear	n/a	source_path,busy_poll	s2.sounddriver.asm:343-389,947-1012,2088-2138,2837-2860,3271-3432
412	872	13	1	0x2B	0x32	220620	0x2E	195	linear	n/a	source_path,busy_poll	s2.sounddriver.asm:343-389,947-1012,2088-2138,2837-2860,3271-3432
413	872	13	1	0x2E	0xF5	220815	0x2F	165	linear	n/a	source_path,busy_poll	s2.sounddriver.asm:343-389,947-1012,2088-2138,2837-2860,3271-3432
414	872	13	1	0x2F	0xCF	220980	0x8	165	call	target=0x8	source_path,busy_poll,call_return	s2.sounddriver.asm:343-389,947-1012,2088-2138,2837-2860,3271-3432
415	872	13	1	0x8	0x3A	221145	0xB	195	linear	n/a	source_path,busy_poll	s2.sounddriver.asm:343-389,947-1012,2088-2138,2837-2860,3271-3432
416	872	13	1	0xB	0x87	221340	0xC	60	linear	n/a	source_path,busy_poll	s2.sounddriver.asm:343-389,947-1012,2088-2138,2837-2860,3271-3432
417	872	13	1	0xC	0x38	221400	0xE	105	branch	not_taken	source_path,busy_poll	s2.sounddriver.asm:343-389,947-1012,2088-2138,2837-2860,3271-3432
418	872	13	1	0xE	0xC9	221505	0x30	150	return	target=0x30	source_path,busy_poll,call_return	s2.sounddriver.asm:343-389,947-1012,2088-2138,2837-2860,3271-3432
419	872	13	1	0x30	0x79	221655	0x31	60	linear	n/a	source_path,busy_poll	s2.sounddriver.asm:343-389,947-1012,2088-2138,2837-2860,3271-3432
420	872	13	1	0x31	0x32	221715	0x34	195	linear	n/a	source_path,busy_poll,ym_write	s2.sounddriver.asm:343-389,947-1012,2088-2138,2837-2860,3271-3432
421	872	14	1	0x34	0xF1	221910	0x35	150	linear	n/a	source_path	s2.sounddriver.asm:343-389,947-1012,2088-2138,2837-2860,3271-3432
422	872	14	1	0x35	0xC9	222060	0xE55	150	return	target=0xE55	source_path,call_return	s2.sounddriver.asm:343-389,947-1012,2088-2138,2837-2860,3271-3432
423	872	14	1	0xE55	0xC6	222210	0xE57	105	linear	n/a	source_path	s2.sounddriver.asm:343-389,947-1012,2088-2138,2837-2860,3271-3432
424	872	14	1	0xE57	0x10	222315	0xE52	195	branch	taken	source_path	s2.sounddriver.asm:343-389,947-1012,2088-2138,2837-2860,3271-3432
425	872	14	1	0xE52	0x4E	222510	0xE53	150	linear	n/a	source_path,bank_wait_3t	s2.sounddriver.asm:343-389,947-1012,2088-2138,2837-2860,3271-3432
426	872	14	1	0xE53	0x23	222660	0xE54	90	linear	n/a	source_path	s2.sounddriver.asm:343-389,947-1012,2088-2138,2837-2860,3271-3432
427	872	14	1	0xE54	0xD7	222750	0x10	165	call	target=0x10	source_path,call_return	s2.sounddriver.asm:343-389,947-1012,2088-2138,2837-2860,3271-3432
428	872	14	1	0x10	0xDD	222915	0x14	300	linear	n/a	source_path,busy_poll	s2.sounddriver.asm:343-389,947-1012,2088-2138,2837-2860,3271-3432
429	872	14	1	0x14	0x28	223215	0x16	105	branch	not_taken	source_path,busy_poll	s2.sounddriver.asm:343-389,947-1012,2088-2138,2837-2860,3271-3432
430	872	14	1	0x16	0x18	223320	0x28	180	branch	target=0x28	source_path,busy_poll	s2.sounddriver.asm:343-389,947-1012,2088-2138,2837-2860,3271-3432
431	872	14	1	0x28	0xF5	223500	0x29	165	linear	n/a	source_path,busy_poll	s2.sounddriver.asm:343-389,947-1012,2088-2138,2837-2860,3271-3432
432	872	14	1	0x29	0xCF	223665	0x8	165	call	target=0x8	source_path,busy_poll,call_return	s2.sounddriver.asm:343-389,947-1012,2088-2138,2837-2860,3271-3432
433	872	14	1	0x8	0x3A	223830	0xB	195	linear	n/a	source_path,busy_poll	s2.sounddriver.asm:343-389,947-1012,2088-2138,2837-2860,3271-3432
434	872	14	1	0xB	0x87	224025	0xC	60	linear	n/a	source_path,busy_poll	s2.sounddriver.asm:343-389,947-1012,2088-2138,2837-2860,3271-3432
435	872	14	1	0xC	0x38	224085	0xE	105	branch	not_taken	source_path,busy_poll	s2.sounddriver.asm:343-389,947-1012,2088-2138,2837-2860,3271-3432
436	872	14	1	0xE	0xC9	224190	0x2A	150	return	target=0x2A	source_path,busy_poll,call_return	s2.sounddriver.asm:343-389,947-1012,2088-2138,2837-2860,3271-3432
437	872	14	1	0x2A	0xF1	224340	0x2B	150	linear	n/a	source_path,busy_poll	s2.sounddriver.asm:343-389,947-1012,2088-2138,2837-2860,3271-3432
438	872	14	1	0x2B	0x32	224490	0x2E	195	linear	n/a	source_path,busy_poll	s2.sounddriver.asm:343-389,947-1012,2088-2138,2837-2860,3271-3432
439	872	14	1	0x2E	0xF5	224685	0x2F	165	linear	n/a	source_path,busy_poll	s2.sounddriver.asm:343-389,947-1012,2088-2138,2837-2860,3271-3432
440	872	14	1	0x2F	0xCF	224850	0x8	165	call	target=0x8	source_path,busy_poll,call_return	s2.sounddriver.asm:343-389,947-1012,2088-2138,2837-2860,3271-3432
441	872	14	1	0x8	0x3A	225015	0xB	195	linear	n/a	source_path,busy_poll	s2.sounddriver.asm:343-389,947-1012,2088-2138,2837-2860,3271-3432
442	872	14	1	0xB	0x87	225210	0xC	60	linear	n/a	source_path,busy_poll	s2.sounddriver.asm:343-389,947-1012,2088-2138,2837-2860,3271-3432
443	872	14	1	0xC	0x38	225270	0xE	105	branch	not_taken	source_path,busy_poll	s2.sounddriver.asm:343-389,947-1012,2088-2138,2837-2860,3271-3432
444	872	14	1	0xE	0xC9	225375	0x30	150	return	target=0x30	source_path,busy_poll,call_return	s2.sounddriver.asm:343-389,947-1012,2088-2138,2837-2860,3271-3432
445	872	14	1	0x30	0x79	225525	0x31	60	linear	n/a	source_path,busy_poll	s2.sounddriver.asm:343-389,947-1012,2088-2138,2837-2860,3271-3432
446	872	14	1	0x31	0x32	225585	0x34	195	linear	n/a	source_path,busy_poll,ym_write	s2.sounddriver.asm:343-389,947-1012,2088-2138,2837-2860,3271-3432
447	872	15	1	0x34	0xF1	225780	0x35	150	linear	n/a	source_path	s2.sounddriver.asm:343-389,947-1012,2088-2138,2837-2860,3271-3432
448	872	15	1	0x35	0xC9	225930	0xE55	150	return	target=0xE55	source_path,call_return	s2.sounddriver.asm:343-389,947-1012,2088-2138,2837-2860,3271-3432
449	872	15	1	0xE55	0xC6	226080	0xE57	105	linear	n/a	source_path	s2.sounddriver.asm:343-389,947-1012,2088-2138,2837-2860,3271-3432
450	872	15	1	0xE57	0x10	226185	0xE52	195	branch	taken	source_path	s2.sounddriver.asm:343-389,947-1012,2088-2138,2837-2860,3271-3432
451	872	15	1	0xE52	0x4E	226380	0xE53	150	linear	n/a	source_path,bank_wait_3t	s2.sounddriver.asm:343-389,947-1012,2088-2138,2837-2860,3271-3432
452	872	15	1	0xE53	0x23	226530	0xE54	90	linear	n/a	source_path	s2.sounddriver.asm:343-389,947-1012,2088-2138,2837-2860,3271-3432
453	872	15	1	0xE54	0xD7	226620	0x10	165	call	target=0x10	source_path,call_return	s2.sounddriver.asm:343-389,947-1012,2088-2138,2837-2860,3271-3432
454	872	15	1	0x10	0xDD	226785	0x14	300	linear	n/a	source_path,busy_poll	s2.sounddriver.asm:343-389,947-1012,2088-2138,2837-2860,3271-3432
455	872	15	1	0x14	0x28	227085	0x16	105	branch	not_taken	source_path,busy_poll	s2.sounddriver.asm:343-389,947-1012,2088-2138,2837-2860,3271-3432
456	872	15	1	0x16	0x18	227190	0x28	180	branch	target=0x28	source_path,busy_poll	s2.sounddriver.asm:343-389,947-1012,2088-2138,2837-2860,3271-3432
457	872	15	1	0x28	0xF5	227370	0x29	165	linear	n/a	source_path,busy_poll	s2.sounddriver.asm:343-389,947-1012,2088-2138,2837-2860,3271-3432
458	872	15	1	0x29	0xCF	227535	0x8	165	call	target=0x8	source_path,busy_poll,call_return	s2.sounddriver.asm:343-389,947-1012,2088-2138,2837-2860,3271-3432
459	872	15	1	0x8	0x3A	227700	0xB	195	linear	n/a	source_path,busy_poll	s2.sounddriver.asm:343-389,947-1012,2088-2138,2837-2860,3271-3432
460	872	15	1	0xB	0x87	227895	0xC	60	linear	n/a	source_path,busy_poll	s2.sounddriver.asm:343-389,947-1012,2088-2138,2837-2860,3271-3432
461	872	15	1	0xC	0x38	227955	0xE	105	branch	not_taken	source_path,busy_poll	s2.sounddriver.asm:343-389,947-1012,2088-2138,2837-2860,3271-3432
462	872	15	1	0xE	0xC9	228060	0x2A	150	return	target=0x2A	source_path,busy_poll,call_return	s2.sounddriver.asm:343-389,947-1012,2088-2138,2837-2860,3271-3432
463	872	15	1	0x2A	0xF1	228210	0x2B	150	linear	n/a	source_path,busy_poll	s2.sounddriver.asm:343-389,947-1012,2088-2138,2837-2860,3271-3432
464	872	15	1	0x2B	0x32	228360	0x2E	195	linear	n/a	source_path,busy_poll	s2.sounddriver.asm:343-389,947-1012,2088-2138,2837-2860,3271-3432
465	872	15	1	0x2E	0xF5	228555	0x2F	165	linear	n/a	source_path,busy_poll	s2.sounddriver.asm:343-389,947-1012,2088-2138,2837-2860,3271-3432
466	872	15	1	0x2F	0xCF	228720	0x8	165	call	target=0x8	source_path,busy_poll,call_return	s2.sounddriver.asm:343-389,947-1012,2088-2138,2837-2860,3271-3432
467	872	15	1	0x8	0x3A	228885	0xB	195	linear	n/a	source_path,busy_poll	s2.sounddriver.asm:343-389,947-1012,2088-2138,2837-2860,3271-3432
468	872	15	1	0xB	0x87	229080	0xC	60	linear	n/a	source_path,busy_poll	s2.sounddriver.asm:343-389,947-1012,2088-2138,2837-2860,3271-3432
469	872	15	1	0xC	0x38	229140	0xE	105	branch	not_taken	source_path,busy_poll	s2.sounddriver.asm:343-389,947-1012,2088-2138,2837-2860,3271-3432
470	872	15	1	0xE	0xC9	229245	0x30	150	return	target=0x30	source_path,busy_poll,call_return	s2.sounddriver.asm:343-389,947-1012,2088-2138,2837-2860,3271-3432
471	872	15	1	0x30	0x79	229395	0x31	60	linear	n/a	source_path,busy_poll	s2.sounddriver.asm:343-389,947-1012,2088-2138,2837-2860,3271-3432
472	872	15	1	0x31	0x32	229455	0x34	195	linear	n/a	source_path,busy_poll,ym_write	s2.sounddriver.asm:343-389,947-1012,2088-2138,2837-2860,3271-3432
473	872	16	1	0x34	0xF1	229650	0x35	150	linear	n/a	source_path	s2.sounddriver.asm:343-389,947-1012,2088-2138,2837-2860,3271-3432
474	872	16	1	0x35	0xC9	229800	0xE55	150	return	target=0xE55	source_path,call_return	s2.sounddriver.asm:343-389,947-1012,2088-2138,2837-2860,3271-3432
475	872	16	1	0xE55	0xC6	229950	0xE57	105	linear	n/a	source_path	s2.sounddriver.asm:343-389,947-1012,2088-2138,2837-2860,3271-3432
476	872	16	1	0xE57	0x10	230055	0xE52	195	branch	taken	source_path	s2.sounddriver.asm:343-389,947-1012,2088-2138,2837-2860,3271-3432
477	872	16	1	0xE52	0x4E	230250	0xE53	150	linear	n/a	source_path,bank_wait_3t	s2.sounddriver.asm:343-389,947-1012,2088-2138,2837-2860,3271-3432
478	872	16	1	0xE53	0x23	230400	0xE54	90	linear	n/a	source_path	s2.sounddriver.asm:343-389,947-1012,2088-2138,2837-2860,3271-3432
479	872	16	1	0xE54	0xD7	230490	0x10	165	call	target=0x10	source_path,call_return	s2.sounddriver.asm:343-389,947-1012,2088-2138,2837-2860,3271-3432
480	872	16	1	0x10	0xDD	230655	0x14	300	linear	n/a	source_path,busy_poll	s2.sounddriver.asm:343-389,947-1012,2088-2138,2837-2860,3271-3432
481	872	16	1	0x14	0x28	230955	0x16	105	branch	not_taken	source_path,busy_poll	s2.sounddriver.asm:343-389,947-1012,2088-2138,2837-2860,3271-3432
482	872	16	1	0x16	0x18	231060	0x28	180	branch	target=0x28	source_path,busy_poll	s2.sounddriver.asm:343-389,947-1012,2088-2138,2837-2860,3271-3432
483	872	16	1	0x28	0xF5	231240	0x29	165	linear	n/a	source_path,busy_poll	s2.sounddriver.asm:343-389,947-1012,2088-2138,2837-2860,3271-3432
484	872	16	1	0x29	0xCF	231405	0x8	165	call	target=0x8	source_path,busy_poll,call_return	s2.sounddriver.asm:343-389,947-1012,2088-2138,2837-2860,3271-3432
485	872	16	1	0x8	0x3A	231570	0xB	195	linear	n/a	source_path,busy_poll	s2.sounddriver.asm:343-389,947-1012,2088-2138,2837-2860,3271-3432
486	872	16	1	0xB	0x87	231765	0xC	60	linear	n/a	source_path,busy_poll	s2.sounddriver.asm:343-389,947-1012,2088-2138,2837-2860,3271-3432
487	872	16	1	0xC	0x38	231825	0xE	105	branch	not_taken	source_path,busy_poll	s2.sounddriver.asm:343-389,947-1012,2088-2138,2837-2860,3271-3432
488	872	16	1	0xE	0xC9	231930	0x2A	150	return	target=0x2A	source_path,busy_poll,call_return	s2.sounddriver.asm:343-389,947-1012,2088-2138,2837-2860,3271-3432
489	872	16	1	0x2A	0xF1	232080	0x2B	150	linear	n/a	source_path,busy_poll	s2.sounddriver.asm:343-389,947-1012,2088-2138,2837-2860,3271-3432
490	872	16	1	0x2B	0x32	232230	0x2E	195	linear	n/a	source_path,busy_poll	s2.sounddriver.asm:343-389,947-1012,2088-2138,2837-2860,3271-3432
491	872	16	1	0x2E	0xF5	232425	0x2F	165	linear	n/a	source_path,busy_poll	s2.sounddriver.asm:343-389,947-1012,2088-2138,2837-2860,3271-3432
492	872	16	1	0x2F	0xCF	232590	0x8	165	call	target=0x8	source_path,busy_poll,call_return	s2.sounddriver.asm:343-389,947-1012,2088-2138,2837-2860,3271-3432
493	872	16	1	0x8	0x3A	232755	0xB	195	linear	n/a	source_path,busy_poll	s2.sounddriver.asm:343-389,947-1012,2088-2138,2837-2860,3271-3432
494	872	16	1	0xB	0x87	232950	0xC	60	linear	n/a	source_path,busy_poll	s2.sounddriver.asm:343-389,947-1012,2088-2138,2837-2860,3271-3432
495	872	16	1	0xC	0x38	233010	0xE	105	branch	not_taken	source_path,busy_poll	s2.sounddriver.asm:343-389,947-1012,2088-2138,2837-2860,3271-3432
496	872	16	1	0xE	0xC9	233115	0x30	150	return	target=0x30	source_path,busy_poll,call_return	s2.sounddriver.asm:343-389,947-1012,2088-2138,2837-2860,3271-3432
497	872	16	1	0x30	0x79	233265	0x31	60	linear	n/a	source_path,busy_poll	s2.sounddriver.asm:343-389,947-1012,2088-2138,2837-2860,3271-3432
498	872	16	1	0x31	0x32	233325	0x34	195	linear	n/a	source_path,busy_poll,ym_write	s2.sounddriver.asm:343-389,947-1012,2088-2138,2837-2860,3271-3432
499	872	17	1	0x34	0xF1	233520	0x35	150	linear	n/a	source_path	s2.sounddriver.asm:343-389,947-1012,2088-2138,2837-2860,3271-3432
500	872	17	1	0x35	0xC9	233670	0xE55	150	return	target=0xE55	source_path,call_return	s2.sounddriver.asm:343-389,947-1012,2088-2138,2837-2860,3271-3432
501	872	17	1	0xE55	0xC6	233820	0xE57	105	linear	n/a	source_path	s2.sounddriver.asm:343-389,947-1012,2088-2138,2837-2860,3271-3432
502	872	17	1	0xE57	0x10	233925	0xE52	195	branch	taken	source_path	s2.sounddriver.asm:343-389,947-1012,2088-2138,2837-2860,3271-3432
503	872	17	1	0xE52	0x4E	234120	0xE53	150	linear	n/a	source_path,bank_wait_3t	s2.sounddriver.asm:343-389,947-1012,2088-2138,2837-2860,3271-3432
504	872	17	1	0xE53	0x23	234270	0xE54	90	linear	n/a	source_path	s2.sounddriver.asm:343-389,947-1012,2088-2138,2837-2860,3271-3432
505	872	17	1	0xE54	0xD7	234360	0x10	165	call	target=0x10	source_path,call_return	s2.sounddriver.asm:343-389,947-1012,2088-2138,2837-2860,3271-3432
506	872	17	1	0x10	0xDD	234525	0x14	300	linear	n/a	source_path,busy_poll	s2.sounddriver.asm:343-389,947-1012,2088-2138,2837-2860,3271-3432
507	872	17	1	0x14	0x28	234825	0x16	105	branch	not_taken	source_path,busy_poll	s2.sounddriver.asm:343-389,947-1012,2088-2138,2837-2860,3271-3432
508	872	17	1	0x16	0x18	234930	0x28	180	branch	target=0x28	source_path,busy_poll	s2.sounddriver.asm:343-389,947-1012,2088-2138,2837-2860,3271-3432
509	872	17	1	0x28	0xF5	235110	0x29	165	linear	n/a	source_path,busy_poll	s2.sounddriver.asm:343-389,947-1012,2088-2138,2837-2860,3271-3432
510	872	17	1	0x29	0xCF	235275	0x8	165	call	target=0x8	source_path,busy_poll,call_return	s2.sounddriver.asm:343-389,947-1012,2088-2138,2837-2860,3271-3432
511	872	17	1	0x8	0x3A	235440	0xB	195	linear	n/a	source_path,busy_poll	s2.sounddriver.asm:343-389,947-1012,2088-2138,2837-2860,3271-3432
512	872	17	1	0xB	0x87	235635	0xC	60	linear	n/a	source_path,busy_poll	s2.sounddriver.asm:343-389,947-1012,2088-2138,2837-2860,3271-3432
513	872	17	1	0xC	0x38	235695	0xE	105	branch	not_taken	source_path,busy_poll	s2.sounddriver.asm:343-389,947-1012,2088-2138,2837-2860,3271-3432
514	872	17	1	0xE	0xC9	235800	0x2A	150	return	target=0x2A	source_path,busy_poll,call_return	s2.sounddriver.asm:343-389,947-1012,2088-2138,2837-2860,3271-3432
515	872	17	1	0x2A	0xF1	235950	0x2B	150	linear	n/a	source_path,busy_poll	s2.sounddriver.asm:343-389,947-1012,2088-2138,2837-2860,3271-3432
516	872	17	1	0x2B	0x32	236100	0x2E	195	linear	n/a	source_path,busy_poll	s2.sounddriver.asm:343-389,947-1012,2088-2138,2837-2860,3271-3432
517	872	17	1	0x2E	0xF5	236295	0x2F	165	linear	n/a	source_path,busy_poll	s2.sounddriver.asm:343-389,947-1012,2088-2138,2837-2860,3271-3432
518	872	17	1	0x2F	0xCF	236460	0x8	165	call	target=0x8	source_path,busy_poll,call_return	s2.sounddriver.asm:343-389,947-1012,2088-2138,2837-2860,3271-3432
519	872	17	1	0x8	0x3A	236625	0xB	195	linear	n/a	source_path,busy_poll	s2.sounddriver.asm:343-389,947-1012,2088-2138,2837-2860,3271-3432
520	872	17	1	0xB	0x87	236820	0xC	60	linear	n/a	source_path,busy_poll	s2.sounddriver.asm:343-389,947-1012,2088-2138,2837-2860,3271-3432
521	872	17	1	0xC	0x38	236880	0xE	105	branch	not_taken	source_path,busy_poll	s2.sounddriver.asm:343-389,947-1012,2088-2138,2837-2860,3271-3432
522	872	17	1	0xE	0xC9	236985	0x30	150	return	target=0x30	source_path,busy_poll,call_return	s2.sounddriver.asm:343-389,947-1012,2088-2138,2837-2860,3271-3432
523	872	17	1	0x30	0x79	237135	0x31	60	linear	n/a	source_path,busy_poll	s2.sounddriver.asm:343-389,947-1012,2088-2138,2837-2860,3271-3432
524	872	17	1	0x31	0x32	237195	0x34	195	linear	n/a	source_path,busy_poll,ym_write	s2.sounddriver.asm:343-389,947-1012,2088-2138,2837-2860,3271-3432
525	872	18	1	0x34	0xF1	237390	0x35	150	linear	n/a	source_path	s2.sounddriver.asm:343-389,947-1012,2088-2138,2837-2860,3271-3432
526	872	18	1	0x35	0xC9	237540	0xE55	150	return	target=0xE55	source_path,call_return	s2.sounddriver.asm:343-389,947-1012,2088-2138,2837-2860,3271-3432
527	872	18	1	0xE55	0xC6	237690	0xE57	105	linear	n/a	source_path	s2.sounddriver.asm:343-389,947-1012,2088-2138,2837-2860,3271-3432
528	872	18	1	0xE57	0x10	237795	0xE52	195	branch	taken	source_path	s2.sounddriver.asm:343-389,947-1012,2088-2138,2837-2860,3271-3432
529	872	18	1	0xE52	0x4E	237990	0xE53	150	linear	n/a	source_path,bank_wait_3t	s2.sounddriver.asm:343-389,947-1012,2088-2138,2837-2860,3271-3432
530	872	18	1	0xE53	0x23	238140	0xE54	90	linear	n/a	source_path	s2.sounddriver.asm:343-389,947-1012,2088-2138,2837-2860,3271-3432
531	872	18	1	0xE54	0xD7	238230	0x10	165	call	target=0x10	source_path,call_return	s2.sounddriver.asm:343-389,947-1012,2088-2138,2837-2860,3271-3432
532	872	18	1	0x10	0xDD	238395	0x14	300	linear	n/a	source_path,busy_poll	s2.sounddriver.asm:343-389,947-1012,2088-2138,2837-2860,3271-3432
533	872	18	1	0x14	0x28	238695	0x16	105	branch	not_taken	source_path,busy_poll	s2.sounddriver.asm:343-389,947-1012,2088-2138,2837-2860,3271-3432
534	872	18	1	0x16	0x18	238800	0x28	180	branch	target=0x28	source_path,busy_poll	s2.sounddriver.asm:343-389,947-1012,2088-2138,2837-2860,3271-3432
535	872	18	1	0x28	0xF5	238980	0x29	165	linear	n/a	source_path,busy_poll	s2.sounddriver.asm:343-389,947-1012,2088-2138,2837-2860,3271-3432
536	872	18	1	0x29	0xCF	239145	0x8	165	call	target=0x8	source_path,busy_poll,call_return	s2.sounddriver.asm:343-389,947-1012,2088-2138,2837-2860,3271-3432
537	872	18	1	0x8	0x3A	239310	0xB	195	linear	n/a	source_path,busy_poll	s2.sounddriver.asm:343-389,947-1012,2088-2138,2837-2860,3271-3432
538	872	18	1	0xB	0x87	239505	0xC	60	linear	n/a	source_path,busy_poll	s2.sounddriver.asm:343-389,947-1012,2088-2138,2837-2860,3271-3432
539	872	18	1	0xC	0x38	239565	0xE	105	branch	not_taken	source_path,busy_poll	s2.sounddriver.asm:343-389,947-1012,2088-2138,2837-2860,3271-3432
540	872	18	1	0xE	0xC9	239670	0x2A	150	return	target=0x2A	source_path,busy_poll,call_return	s2.sounddriver.asm:343-389,947-1012,2088-2138,2837-2860,3271-3432
541	872	18	1	0x2A	0xF1	239820	0x2B	150	linear	n/a	source_path,busy_poll	s2.sounddriver.asm:343-389,947-1012,2088-2138,2837-2860,3271-3432
542	872	18	1	0x2B	0x32	239970	0x2E	195	linear	n/a	source_path,busy_poll	s2.sounddriver.asm:343-389,947-1012,2088-2138,2837-2860,3271-3432
543	872	18	1	0x2E	0xF5	240165	0x2F	165	linear	n/a	source_path,busy_poll	s2.sounddriver.asm:343-389,947-1012,2088-2138,2837-2860,3271-3432
544	872	18	1	0x2F	0xCF	240330	0x8	165	call	target=0x8	source_path,busy_poll,call_return	s2.sounddriver.asm:343-389,947-1012,2088-2138,2837-2860,3271-3432
545	872	18	1	0x8	0x3A	240495	0xB	195	linear	n/a	source_path,busy_poll	s2.sounddriver.asm:343-389,947-1012,2088-2138,2837-2860,3271-3432
546	872	18	1	0xB	0x87	240690	0xC	60	linear	n/a	source_path,busy_poll	s2.sounddriver.asm:343-389,947-1012,2088-2138,2837-2860,3271-3432
547	872	18	1	0xC	0x38	240750	0xE	105	branch	not_taken	source_path,busy_poll	s2.sounddriver.asm:343-389,947-1012,2088-2138,2837-2860,3271-3432
548	872	18	1	0xE	0xC9	240855	0x30	150	return	target=0x30	source_path,busy_poll,call_return	s2.sounddriver.asm:343-389,947-1012,2088-2138,2837-2860,3271-3432
549	872	18	1	0x30	0x79	241005	0x31	60	linear	n/a	source_path,busy_poll	s2.sounddriver.asm:343-389,947-1012,2088-2138,2837-2860,3271-3432
550	872	18	1	0x31	0x32	241065	0x34	195	linear	n/a	source_path,busy_poll,ym_write	s2.sounddriver.asm:343-389,947-1012,2088-2138,2837-2860,3271-3432
551	872	19	1	0x34	0xF1	241260	0x35	150	linear	n/a	source_path	s2.sounddriver.asm:343-389,947-1012,2088-2138,2837-2860,3271-3432
552	872	19	1	0x35	0xC9	241410	0xE55	150	return	target=0xE55	source_path,call_return	s2.sounddriver.asm:343-389,947-1012,2088-2138,2837-2860,3271-3432
553	872	19	1	0xE55	0xC6	241560	0xE57	105	linear	n/a	source_path	s2.sounddriver.asm:343-389,947-1012,2088-2138,2837-2860,3271-3432
554	872	19	1	0xE57	0x10	241665	0xE52	195	branch	taken	source_path	s2.sounddriver.asm:343-389,947-1012,2088-2138,2837-2860,3271-3432
555	872	19	1	0xE52	0x4E	241860	0xE53	150	linear	n/a	source_path,bank_wait_3t	s2.sounddriver.asm:343-389,947-1012,2088-2138,2837-2860,3271-3432
556	872	19	1	0xE53	0x23	242010	0xE54	90	linear	n/a	source_path	s2.sounddriver.asm:343-389,947-1012,2088-2138,2837-2860,3271-3432
557	872	19	1	0xE54	0xD7	242100	0x10	165	call	target=0x10	source_path,call_return	s2.sounddriver.asm:343-389,947-1012,2088-2138,2837-2860,3271-3432
558	872	19	1	0x10	0xDD	242265	0x14	300	linear	n/a	source_path,busy_poll	s2.sounddriver.asm:343-389,947-1012,2088-2138,2837-2860,3271-3432
559	872	19	1	0x14	0x28	242565	0x16	105	branch	not_taken	source_path,busy_poll	s2.sounddriver.asm:343-389,947-1012,2088-2138,2837-2860,3271-3432
560	872	19	1	0x16	0x18	242670	0x28	180	branch	target=0x28	source_path,busy_poll	s2.sounddriver.asm:343-389,947-1012,2088-2138,2837-2860,3271-3432
561	872	19	1	0x28	0xF5	242850	0x29	165	linear	n/a	source_path,busy_poll	s2.sounddriver.asm:343-389,947-1012,2088-2138,2837-2860,3271-3432
562	872	19	1	0x29	0xCF	243015	0x8	165	call	target=0x8	source_path,busy_poll,call_return	s2.sounddriver.asm:343-389,947-1012,2088-2138,2837-2860,3271-3432
563	872	19	1	0x8	0x3A	243180	0xB	195	linear	n/a	source_path,busy_poll	s2.sounddriver.asm:343-389,947-1012,2088-2138,2837-2860,3271-3432
564	872	19	1	0xB	0x87	243375	0xC	60	linear	n/a	source_path,busy_poll	s2.sounddriver.asm:343-389,947-1012,2088-2138,2837-2860,3271-3432
565	872	19	1	0xC	0x38	243435	0xE	105	branch	not_taken	source_path,busy_poll	s2.sounddriver.asm:343-389,947-1012,2088-2138,2837-2860,3271-3432
566	872	19	1	0xE	0xC9	243540	0x2A	150	return	target=0x2A	source_path,busy_poll,call_return	s2.sounddriver.asm:343-389,947-1012,2088-2138,2837-2860,3271-3432
567	872	19	1	0x2A	0xF1	243690	0x2B	150	linear	n/a	source_path,busy_poll	s2.sounddriver.asm:343-389,947-1012,2088-2138,2837-2860,3271-3432
568	872	19	1	0x2B	0x32	243840	0x2E	195	linear	n/a	source_path,busy_poll	s2.sounddriver.asm:343-389,947-1012,2088-2138,2837-2860,3271-3432
569	872	19	1	0x2E	0xF5	244035	0x2F	165	linear	n/a	source_path,busy_poll	s2.sounddriver.asm:343-389,947-1012,2088-2138,2837-2860,3271-3432
570	872	19	1	0x2F	0xCF	244200	0x8	165	call	target=0x8	source_path,busy_poll,call_return	s2.sounddriver.asm:343-389,947-1012,2088-2138,2837-2860,3271-3432
571	872	19	1	0x8	0x3A	244365	0xB	195	linear	n/a	source_path,busy_poll	s2.sounddriver.asm:343-389,947-1012,2088-2138,2837-2860,3271-3432
572	872	19	1	0xB	0x87	244560	0xC	60	linear	n/a	source_path,busy_poll	s2.sounddriver.asm:343-389,947-1012,2088-2138,2837-2860,3271-3432
573	872	19	1	0xC	0x38	244620	0xE	105	branch	not_taken	source_path,busy_poll	s2.sounddriver.asm:343-389,947-1012,2088-2138,2837-2860,3271-3432
574	872	19	1	0xE	0xC9	244725	0x30	150	return	target=0x30	source_path,busy_poll,call_return	s2.sounddriver.asm:343-389,947-1012,2088-2138,2837-2860,3271-3432
575	872	19	1	0x30	0x79	244875	0x31	60	linear	n/a	source_path,busy_poll	s2.sounddriver.asm:343-389,947-1012,2088-2138,2837-2860,3271-3432
576	872	19	1	0x31	0x32	244935	0x34	195	linear	n/a	source_path,busy_poll,ym_write	s2.sounddriver.asm:343-389,947-1012,2088-2138,2837-2860,3271-3432
577	872	20	1	0x34	0xF1	245130	0x35	150	linear	n/a	source_path	s2.sounddriver.asm:343-389,947-1012,2088-2138,2837-2860,3271-3432
578	872	20	1	0x35	0xC9	245280	0xE55	150	return	target=0xE55	source_path,call_return	s2.sounddriver.asm:343-389,947-1012,2088-2138,2837-2860,3271-3432
579	872	20	1	0xE55	0xC6	245430	0xE57	105	linear	n/a	source_path	s2.sounddriver.asm:343-389,947-1012,2088-2138,2837-2860,3271-3432
580	872	20	1	0xE57	0x10	245535	0xE59	120	branch	not_taken	source_path	s2.sounddriver.asm:343-389,947-1012,2088-2138,2837-2860,3271-3432
581	872	20	1	0xE59	0xC6	245655	0xE5B	105	linear	n/a	source_path	s2.sounddriver.asm:343-389,947-1012,2088-2138,2837-2860,3271-3432
582	872	20	1	0xE5B	0xDD	245760	0xE5E	285	linear	n/a	source_path	s2.sounddriver.asm:343-389,947-1012,2088-2138,2837-2860,3271-3432
583	872	20	1	0xE5E	0xD7	246045	0x10	165	call	target=0x10	source_path,call_return	s2.sounddriver.asm:343-389,947-1012,2088-2138,2837-2860,3271-3432
584	872	20	1	0x10	0xDD	246210	0x14	300	linear	n/a	source_path,busy_poll	s2.sounddriver.asm:343-389,947-1012,2088-2138,2837-2860,3271-3432
585	872	20	1	0x14	0x28	246510	0x16	105	branch	not_taken	source_path,busy_poll	s2.sounddriver.asm:343-389,947-1012,2088-2138,2837-2860,3271-3432
586	872	20	1	0x16	0x18	246615	0x28	180	branch	target=0x28	source_path,busy_poll	s2.sounddriver.asm:343-389,947-1012,2088-2138,2837-2860,3271-3432
587	872	20	1	0x28	0xF5	246795	0x29	165	linear	n/a	source_path,busy_poll	s2.sounddriver.asm:343-389,947-1012,2088-2138,2837-2860,3271-3432
588	872	20	1	0x29	0xCF	246960	0x8	165	call	target=0x8	source_path,busy_poll,call_return	s2.sounddriver.asm:343-389,947-1012,2088-2138,2837-2860,3271-3432
589	872	20	1	0x8	0x3A	247125	0xB	195	linear	n/a	source_path,busy_poll	s2.sounddriver.asm:343-389,947-1012,2088-2138,2837-2860,3271-3432
590	872	20	1	0xB	0x87	247320	0xC	60	linear	n/a	source_path,busy_poll	s2.sounddriver.asm:343-389,947-1012,2088-2138,2837-2860,3271-3432
591	872	20	1	0xC	0x38	247380	0xE	105	branch	not_taken	source_path,busy_poll	s2.sounddriver.asm:343-389,947-1012,2088-2138,2837-2860,3271-3432
592	872	20	1	0xE	0xC9	247485	0x2A	150	return	target=0x2A	source_path,busy_poll,call_return	s2.sounddriver.asm:343-389,947-1012,2088-2138,2837-2860,3271-3432
593	872	20	1	0x2A	0xF1	247635	0x2B	150	linear	n/a	source_path,busy_poll	s2.sounddriver.asm:343-389,947-1012,2088-2138,2837-2860,3271-3432
594	872	20	1	0x2B	0x32	247785	0x2E	195	linear	n/a	source_path,busy_poll	s2.sounddriver.asm:343-389,947-1012,2088-2138,2837-2860,3271-3432
595	872	20	1	0x2E	0xF5	247980	0x2F	165	linear	n/a	source_path,busy_poll	s2.sounddriver.asm:343-389,947-1012,2088-2138,2837-2860,3271-3432
596	872	20	1	0x2F	0xCF	248145	0x8	165	call	target=0x8	source_path,busy_poll,call_return	s2.sounddriver.asm:343-389,947-1012,2088-2138,2837-2860,3271-3432
597	872	20	1	0x8	0x3A	248310	0xB	195	linear	n/a	source_path,busy_poll	s2.sounddriver.asm:343-389,947-1012,2088-2138,2837-2860,3271-3432
598	872	20	1	0xB	0x87	248505	0xC	60	linear	n/a	source_path,busy_poll	s2.sounddriver.asm:343-389,947-1012,2088-2138,2837-2860,3271-3432
599	872	20	1	0xC	0x38	248565	0xE	105	branch	not_taken	source_path,busy_poll	s2.sounddriver.asm:343-389,947-1012,2088-2138,2837-2860,3271-3432
600	872	20	1	0xE	0xC9	248670	0x30	150	return	target=0x30	source_path,busy_poll,call_return	s2.sounddriver.asm:343-389,947-1012,2088-2138,2837-2860,3271-3432
601	872	20	1	0x30	0x79	248820	0x31	60	linear	n/a	source_path,busy_poll	s2.sounddriver.asm:343-389,947-1012,2088-2138,2837-2860,3271-3432
602	872	20	1	0x31	0x32	248880	0x34	195	linear	n/a	source_path,busy_poll,ym_write	s2.sounddriver.asm:343-389,947-1012,2088-2138,2837-2860,3271-3432
603	872	21	1	0x34	0xF1	249075	0x35	150	linear	n/a	source_path	s2.sounddriver.asm:343-389,947-1012,2088-2138,2837-2860,3271-3432
604	872	21	1	0x35	0xC9	249225	0xE5F	150	return	target=0xE5F	source_path,call_return	s2.sounddriver.asm:343-389,947-1012,2088-2138,2837-2860,3271-3432
605	872	21	1	0xE5F	0xDD	249375	0xE62	285	linear	n/a	source_path	s2.sounddriver.asm:343-389,947-1012,2088-2138,2837-2860,3271-3432
606	872	21	1	0xE62	0xDD	249660	0xE65	285	linear	n/a	source_path	s2.sounddriver.asm:343-389,947-1012,2088-2138,2837-2860,3271-3432
607	872	21	1	0xE65	0x3E	249945	0xE67	105	linear	n/a	source_path	s2.sounddriver.asm:343-389,947-1012,2088-2138,2837-2860,3271-3432
608	872	21	1	0xE67	0xE6	250050	0xE69	105	linear	n/a	source_path	s2.sounddriver.asm:343-389,947-1012,2088-2138,2837-2860,3271-3432
609	872	21	1	0xE69	0xC6	250155	0xE6B	105	linear	n/a	source_path	s2.sounddriver.asm:343-389,947-1012,2088-2138,2837-2860,3271-3432
610	872	21	1	0xE6B	0x5F	250260	0xE6C	60	linear	n/a	source_path	s2.sounddriver.asm:343-389,947-1012,2088-2138,2837-2860,3271-3432
611	872	21	1	0xE6C	0x16	250320	0xE6E	105	linear	n/a	source_path	s2.sounddriver.asm:343-389,947-1012,2088-2138,2837-2860,3271-3432
612	872	21	1	0xE6E	0x1A	250425	0xE6F	105	linear	n/a	source_path	s2.sounddriver.asm:343-389,947-1012,2088-2138,2837-2860,3271-3432
613	872	21	1	0xE6F	0xDD	250530	0xE72	285	linear	n/a	source_path	s2.sounddriver.asm:343-389,947-1012,2088-2138,2837-2860,3271-3432
614	872	21	1	0xE72	0x5F	250815	0xE73	60	linear	n/a	source_path	s2.sounddriver.asm:343-389,947-1012,2088-2138,2837-2860,3271-3432
615	872	21	1	0xE73	0xDD	250875	0xE76	285	linear	n/a	source_path	s2.sounddriver.asm:343-389,947-1012,2088-2138,2837-2860,3271-3432
616	872	21	1	0xE76	0xF1	251160	0xE77	150	linear	n/a	source_path	s2.sounddriver.asm:343-389,947-1012,2088-2138,2837-2860,3271-3432
617	872	21	1	0xE77	0x06	251310	0xE79	105	linear	n/a	source_path	s2.sounddriver.asm:343-389,947-1012,2088-2138,2837-2860,3271-3432
618	872	21	1	0xE79	0x4E	251415	0xE7A	150	linear	n/a	source_path,bank_wait_3t	s2.sounddriver.asm:343-389,947-1012,2088-2138,2837-2860,3271-3432
619	872	21	1	0xE7A	0x23	251565	0xE7B	90	linear	n/a	source_path	s2.sounddriver.asm:343-389,947-1012,2088-2138,2837-2860,3271-3432
620	872	21	1	0xE7B	0xCB	251655	0xE7D	120	linear	n/a	source_path	s2.sounddriver.asm:343-389,947-1012,2088-2138,2837-2860,3271-3432
621	872	21	1	0xE7D	0x30	251775	0xE84	180	branch	taken	source_path	s2.sounddriver.asm:343-389,947-1012,2088-2138,2837-2860,3271-3432
622	872	21	1	0xE84	0xD7	251955	0x10	165	call	target=0x10	source_path,call_return	s2.sounddriver.asm:343-389,947-1012,2088-2138,2837-2860,3271-3432
623	872	21	1	0x10	0xDD	252120	0x14	300	linear	n/a	source_path,busy_poll	s2.sounddriver.asm:343-389,947-1012,2088-2138,2837-2860,3271-3432
624	872	21	1	0x14	0x28	252420	0x16	105	branch	not_taken	source_path,busy_poll	s2.sounddriver.asm:343-389,947-1012,2088-2138,2837-2860,3271-3432
625	872	21	1	0x16	0x18	252525	0x28	180	branch	target=0x28	source_path,busy_poll	s2.sounddriver.asm:343-389,947-1012,2088-2138,2837-2860,3271-3432
626	872	21	1	0x28	0xF5	252705	0x29	165	linear	n/a	source_path,busy_poll	s2.sounddriver.asm:343-389,947-1012,2088-2138,2837-2860,3271-3432
627	872	21	1	0x29	0xCF	252870	0x8	165	call	target=0x8	source_path,busy_poll,call_return	s2.sounddriver.asm:343-389,947-1012,2088-2138,2837-2860,3271-3432
628	872	21	1	0x8	0x3A	253035	0xB	195	linear	n/a	source_path,busy_poll	s2.sounddriver.asm:343-389,947-1012,2088-2138,2837-2860,3271-3432
629	872	21	1	0xB	0x87	253230	0xC	60	linear	n/a	source_path,busy_poll	s2.sounddriver.asm:343-389,947-1012,2088-2138,2837-2860,3271-3432
630	872	21	1	0xC	0x38	253290	0xE	105	branch	not_taken	source_path,busy_poll	s2.sounddriver.asm:343-389,947-1012,2088-2138,2837-2860,3271-3432
631	872	21	1	0xE	0xC9	253395	0x2A	150	return	target=0x2A	source_path,busy_poll,call_return	s2.sounddriver.asm:343-389,947-1012,2088-2138,2837-2860,3271-3432
632	872	21	1	0x2A	0xF1	253545	0x2B	150	linear	n/a	source_path,busy_poll	s2.sounddriver.asm:343-389,947-1012,2088-2138,2837-2860,3271-3432
633	872	21	1	0x2B	0x32	253695	0x2E	195	linear	n/a	source_path,busy_poll	s2.sounddriver.asm:343-389,947-1012,2088-2138,2837-2860,3271-3432
634	872	21	1	0x2E	0xF5	253890	0x2F	165	linear	n/a	source_path,busy_poll	s2.sounddriver.asm:343-389,947-1012,2088-2138,2837-2860,3271-3432
635	872	21	1	0x2F	0xCF	254055	0x8	165	call	target=0x8	source_path,busy_poll,call_return	s2.sounddriver.asm:343-389,947-1012,2088-2138,2837-2860,3271-3432
636	872	21	1	0x8	0x3A	254220	0xB	195	linear	n/a	source_path,busy_poll	s2.sounddriver.asm:343-389,947-1012,2088-2138,2837-2860,3271-3432
637	872	21	1	0xB	0x87	254415	0xC	60	linear	n/a	source_path,busy_poll	s2.sounddriver.asm:343-389,947-1012,2088-2138,2837-2860,3271-3432
638	872	21	1	0xC	0x38	254475	0xE	105	branch	not_taken	source_path,busy_poll	s2.sounddriver.asm:343-389,947-1012,2088-2138,2837-2860,3271-3432
639	872	21	1	0xE	0xC9	254580	0x30	150	return	target=0x30	source_path,busy_poll,call_return	s2.sounddriver.asm:343-389,947-1012,2088-2138,2837-2860,3271-3432
640	872	21	1	0x30	0x79	254730	0x31	60	linear	n/a	source_path,busy_poll	s2.sounddriver.asm:343-389,947-1012,2088-2138,2837-2860,3271-3432
641	872	21	1	0x31	0x32	254790	0x34	195	linear	n/a	source_path,busy_poll,ym_write	s2.sounddriver.asm:343-389,947-1012,2088-2138,2837-2860,3271-3432
642	872	22	1	0x34	0xF1	254985	0x35	150	linear	n/a	source_path	s2.sounddriver.asm:343-389,947-1012,2088-2138,2837-2860,3271-3432
643	872	22	1	0x35	0xC9	255135	0xE85	150	return	target=0xE85	source_path,call_return	s2.sounddriver.asm:343-389,947-1012,2088-2138,2837-2860,3271-3432
644	872	22	1	0xE85	0xC6	255285	0xE87	105	linear	n/a	source_path	s2.sounddriver.asm:343-389,947-1012,2088-2138,2837-2860,3271-3432
645	872	22	1	0xE87	0x10	255390	0xE79	195	branch	taken	source_path	s2.sounddriver.asm:343-389,947-1012,2088-2138,2837-2860,3271-3432
646	872	22	1	0xE79	0x4E	255585	0xE7A	150	linear	n/a	source_path,bank_wait_3t	s2.sounddriver.asm:343-389,947-1012,2088-2138,2837-2860,3271-3432
647	872	22	1	0xE7A	0x23	255735	0xE7B	90	linear	n/a	source_path	s2.sounddriver.asm:343-389,947-1012,2088-2138,2837-2860,3271-3432
648	872	22	1	0xE7B	0xCB	255825	0xE7D	120	linear	n/a	source_path	s2.sounddriver.asm:343-389,947-1012,2088-2138,2837-2860,3271-3432
649	872	22	1	0xE7D	0x30	255945	0xE84	180	branch	taken	source_path	s2.sounddriver.asm:343-389,947-1012,2088-2138,2837-2860,3271-3432
650	872	22	1	0xE84	0xD7	256125	0x10	165	call	target=0x10	source_path,call_return	s2.sounddriver.asm:343-389,947-1012,2088-2138,2837-2860,3271-3432
651	872	22	1	0x10	0xDD	256290	0x14	300	linear	n/a	source_path,busy_poll	s2.sounddriver.asm:343-389,947-1012,2088-2138,2837-2860,3271-3432
652	872	22	1	0x14	0x28	256590	0x16	105	branch	not_taken	source_path,busy_poll	s2.sounddriver.asm:343-389,947-1012,2088-2138,2837-2860,3271-3432
653	872	22	1	0x16	0x18	256695	0x28	180	branch	target=0x28	source_path,busy_poll	s2.sounddriver.asm:343-389,947-1012,2088-2138,2837-2860,3271-3432
654	872	22	1	0x28	0xF5	256875	0x29	165	linear	n/a	source_path,busy_poll	s2.sounddriver.asm:343-389,947-1012,2088-2138,2837-2860,3271-3432
655	872	22	1	0x29	0xCF	257040	0x8	165	call	target=0x8	source_path,busy_poll,call_return	s2.sounddriver.asm:343-389,947-1012,2088-2138,2837-2860,3271-3432
656	872	22	1	0x8	0x3A	257205	0xB	195	linear	n/a	source_path,busy_poll	s2.sounddriver.asm:343-389,947-1012,2088-2138,2837-2860,3271-3432
657	872	22	1	0xB	0x87	257400	0xC	60	linear	n/a	source_path,busy_poll	s2.sounddriver.asm:343-389,947-1012,2088-2138,2837-2860,3271-3432
658	872	22	1	0xC	0x38	257460	0xE	105	branch	not_taken	source_path,busy_poll	s2.sounddriver.asm:343-389,947-1012,2088-2138,2837-2860,3271-3432
659	872	22	1	0xE	0xC9	257565	0x2A	150	return	target=0x2A	source_path,busy_poll,call_return	s2.sounddriver.asm:343-389,947-1012,2088-2138,2837-2860,3271-3432
660	872	22	1	0x2A	0xF1	257715	0x2B	150	linear	n/a	source_path,busy_poll	s2.sounddriver.asm:343-389,947-1012,2088-2138,2837-2860,3271-3432
661	872	22	1	0x2B	0x32	257865	0x2E	195	linear	n/a	source_path,busy_poll	s2.sounddriver.asm:343-389,947-1012,2088-2138,2837-2860,3271-3432
662	872	22	1	0x2E	0xF5	258060	0x2F	165	linear	n/a	source_path,busy_poll	s2.sounddriver.asm:343-389,947-1012,2088-2138,2837-2860,3271-3432
663	872	22	1	0x2F	0xCF	258225	0x8	165	call	target=0x8	source_path,busy_poll,call_return	s2.sounddriver.asm:343-389,947-1012,2088-2138,2837-2860,3271-3432
664	872	22	1	0x8	0x3A	258390	0xB	195	linear	n/a	source_path,busy_poll	s2.sounddriver.asm:343-389,947-1012,2088-2138,2837-2860,3271-3432
665	872	22	1	0xB	0x87	258585	0xC	60	linear	n/a	source_path,busy_poll	s2.sounddriver.asm:343-389,947-1012,2088-2138,2837-2860,3271-3432
666	872	22	1	0xC	0x38	258645	0xE	105	branch	not_taken	source_path,busy_poll	s2.sounddriver.asm:343-389,947-1012,2088-2138,2837-2860,3271-3432
667	872	22	1	0xE	0xC9	258750	0x30	150	return	target=0x30	source_path,busy_poll,call_return	s2.sounddriver.asm:343-389,947-1012,2088-2138,2837-2860,3271-3432
668	872	22	1	0x30	0x79	258900	0x31	60	linear	n/a	source_path,busy_poll	s2.sounddriver.asm:343-389,947-1012,2088-2138,2837-2860,3271-3432
669	872	22	1	0x31	0x32	258960	0x34	195	linear	n/a	source_path,busy_poll,ym_write	s2.sounddriver.asm:343-389,947-1012,2088-2138,2837-2860,3271-3432
670	872	23	1	0x34	0xF1	259155	0x35	150	linear	n/a	source_path	s2.sounddriver.asm:343-389,947-1012,2088-2138,2837-2860,3271-3432
671	872	23	1	0x35	0xC9	259305	0xE85	150	return	target=0xE85	source_path,call_return	s2.sounddriver.asm:343-389,947-1012,2088-2138,2837-2860,3271-3432
672	872	23	1	0xE85	0xC6	259455	0xE87	105	linear	n/a	source_path	s2.sounddriver.asm:343-389,947-1012,2088-2138,2837-2860,3271-3432
673	872	23	1	0xE87	0x10	259560	0xE79	195	branch	taken	source_path	s2.sounddriver.asm:343-389,947-1012,2088-2138,2837-2860,3271-3432
674	872	23	1	0xE79	0x4E	259755	0xE7A	150	linear	n/a	source_path,bank_wait_3t	s2.sounddriver.asm:343-389,947-1012,2088-2138,2837-2860,3271-3432
675	872	23	1	0xE7A	0x23	259905	0xE7B	90	linear	n/a	source_path	s2.sounddriver.asm:343-389,947-1012,2088-2138,2837-2860,3271-3432
676	872	23	1	0xE7B	0xCB	259995	0xE7D	120	linear	n/a	source_path	s2.sounddriver.asm:343-389,947-1012,2088-2138,2837-2860,3271-3432
677	872	23	1	0xE7D	0x30	260115	0xE7F	105	branch	not_taken	source_path	s2.sounddriver.asm:343-389,947-1012,2088-2138,2837-2860,3271-3432
678	872	23	1	0xE7F	0xF5	260220	0xE80	165	linear	n/a	source_path	s2.sounddriver.asm:343-389,947-1012,2088-2138,2837-2860,3271-3432
679	872	23	1	0xE80	0x7A	260385	0xE81	60	linear	n/a	source_path	s2.sounddriver.asm:343-389,947-1012,2088-2138,2837-2860,3271-3432
680	872	23	1	0xE81	0x81	260445	0xE82	60	linear	n/a	source_path	s2.sounddriver.asm:343-389,947-1012,2088-2138,2837-2860,3271-3432
681	872	23	1	0xE82	0x4F	260505	0xE83	60	linear	n/a	source_path	s2.sounddriver.asm:343-389,947-1012,2088-2138,2837-2860,3271-3432
682	872	23	1	0xE83	0xF1	260565	0xE84	150	linear	n/a	source_path	s2.sounddriver.asm:343-389,947-1012,2088-2138,2837-2860,3271-3432
683	872	23	1	0xE84	0xD7	260715	0x10	165	call	target=0x10	source_path,call_return	s2.sounddriver.asm:343-389,947-1012,2088-2138,2837-2860,3271-3432
684	872	23	1	0x10	0xDD	260880	0x14	300	linear	n/a	source_path,busy_poll	s2.sounddriver.asm:343-389,947-1012,2088-2138,2837-2860,3271-3432
685	872	23	1	0x14	0x28	261180	0x16	105	branch	not_taken	source_path,busy_poll	s2.sounddriver.asm:343-389,947-1012,2088-2138,2837-2860,3271-3432
686	872	23	1	0x16	0x18	261285	0x28	180	branch	target=0x28	source_path,busy_poll	s2.sounddriver.asm:343-389,947-1012,2088-2138,2837-2860,3271-3432
687	872	23	1	0x28	0xF5	261465	0x29	165	linear	n/a	source_path,busy_poll	s2.sounddriver.asm:343-389,947-1012,2088-2138,2837-2860,3271-3432
688	872	23	1	0x29	0xCF	261630	0x8	165	call	target=0x8	source_path,busy_poll,call_return	s2.sounddriver.asm:343-389,947-1012,2088-2138,2837-2860,3271-3432
689	872	23	1	0x8	0x3A	261795	0xB	195	linear	n/a	source_path,busy_poll	s2.sounddriver.asm:343-389,947-1012,2088-2138,2837-2860,3271-3432
690	872	23	1	0xB	0x87	261990	0xC	60	linear	n/a	source_path,busy_poll	s2.sounddriver.asm:343-389,947-1012,2088-2138,2837-2860,3271-3432
691	872	23	1	0xC	0x38	262050	0xE	105	branch	not_taken	source_path,busy_poll	s2.sounddriver.asm:343-389,947-1012,2088-2138,2837-2860,3271-3432
692	872	23	1	0xE	0xC9	262155	0x2A	150	return	target=0x2A	source_path,busy_poll,call_return	s2.sounddriver.asm:343-389,947-1012,2088-2138,2837-2860,3271-3432
693	872	23	1	0x2A	0xF1	262305	0x2B	150	linear	n/a	source_path,busy_poll	s2.sounddriver.asm:343-389,947-1012,2088-2138,2837-2860,3271-3432
694	872	23	1	0x2B	0x32	262455	0x2E	195	linear	n/a	source_path,busy_poll	s2.sounddriver.asm:343-389,947-1012,2088-2138,2837-2860,3271-3432
695	872	23	1	0x2E	0xF5	262650	0x2F	165	linear	n/a	source_path,busy_poll	s2.sounddriver.asm:343-389,947-1012,2088-2138,2837-2860,3271-3432
696	872	23	1	0x2F	0xCF	262815	0x8	165	call	target=0x8	source_path,busy_poll,call_return	s2.sounddriver.asm:343-389,947-1012,2088-2138,2837-2860,3271-3432
697	872	23	1	0x8	0x3A	262980	0xB	195	linear	n/a	source_path,busy_poll	s2.sounddriver.asm:343-389,947-1012,2088-2138,2837-2860,3271-3432
698	872	23	1	0xB	0x87	263175	0xC	60	linear	n/a	source_path,busy_poll	s2.sounddriver.asm:343-389,947-1012,2088-2138,2837-2860,3271-3432
699	872	23	1	0xC	0x38	263235	0xE	105	branch	not_taken	source_path,busy_poll	s2.sounddriver.asm:343-389,947-1012,2088-2138,2837-2860,3271-3432
700	872	23	1	0xE	0xC9	263340	0x30	150	return	target=0x30	source_path,busy_poll,call_return	s2.sounddriver.asm:343-389,947-1012,2088-2138,2837-2860,3271-3432
701	872	23	1	0x30	0x79	263490	0x31	60	linear	n/a	source_path,busy_poll	s2.sounddriver.asm:343-389,947-1012,2088-2138,2837-2860,3271-3432
702	872	23	1	0x31	0x32	263550	0x34	195	linear	n/a	source_path,busy_poll,ym_write	s2.sounddriver.asm:343-389,947-1012,2088-2138,2837-2860,3271-3432
703	872	24	1	0x34	0xF1	263745	0x35	150	linear	n/a	source_path	s2.sounddriver.asm:343-389,947-1012,2088-2138,2837-2860,3271-3432
704	872	24	1	0x35	0xC9	263895	0xE85	150	return	target=0xE85	source_path,call_return	s2.sounddriver.asm:343-389,947-1012,2088-2138,2837-2860,3271-3432
705	872	24	1	0xE85	0xC6	264045	0xE87	105	linear	n/a	source_path	s2.sounddriver.asm:343-389,947-1012,2088-2138,2837-2860,3271-3432
706	872	24	1	0xE87	0x10	264150	0xE79	195	branch	taken	source_path	s2.sounddriver.asm:343-389,947-1012,2088-2138,2837-2860,3271-3432
707	872	24	1	0xE79	0x4E	264345	0xE7A	150	linear	n/a	source_path,bank_wait_3t	s2.sounddriver.asm:343-389,947-1012,2088-2138,2837-2860,3271-3432
708	872	24	1	0xE7A	0x23	264495	0xE7B	90	linear	n/a	source_path	s2.sounddriver.asm:343-389,947-1012,2088-2138,2837-2860,3271-3432
709	872	24	1	0xE7B	0xCB	264585	0xE7D	120	linear	n/a	source_path	s2.sounddriver.asm:343-389,947-1012,2088-2138,2837-2860,3271-3432
710	872	24	1	0xE7D	0x30	264705	0xE7F	105	branch	not_taken	source_path	s2.sounddriver.asm:343-389,947-1012,2088-2138,2837-2860,3271-3432
711	872	24	1	0xE7F	0xF5	264810	0xE80	165	linear	n/a	source_path	s2.sounddriver.asm:343-389,947-1012,2088-2138,2837-2860,3271-3432
712	872	24	1	0xE80	0x7A	264975	0xE81	60	linear	n/a	source_path	s2.sounddriver.asm:343-389,947-1012,2088-2138,2837-2860,3271-3432
713	872	24	1	0xE81	0x81	265035	0xE82	60	linear	n/a	source_path	s2.sounddriver.asm:343-389,947-1012,2088-2138,2837-2860,3271-3432
714	872	24	1	0xE82	0x4F	265095	0xE83	60	linear	n/a	source_path	s2.sounddriver.asm:343-389,947-1012,2088-2138,2837-2860,3271-3432
715	872	24	1	0xE83	0xF1	265155	0xE84	150	linear	n/a	source_path	s2.sounddriver.asm:343-389,947-1012,2088-2138,2837-2860,3271-3432
716	872	24	1	0xE84	0xD7	265305	0x10	165	call	target=0x10	source_path,call_return	s2.sounddriver.asm:343-389,947-1012,2088-2138,2837-2860,3271-3432
717	872	24	1	0x10	0xDD	265470	0x14	300	linear	n/a	source_path,busy_poll	s2.sounddriver.asm:343-389,947-1012,2088-2138,2837-2860,3271-3432
718	872	24	1	0x14	0x28	265770	0x16	105	branch	not_taken	source_path,busy_poll	s2.sounddriver.asm:343-389,947-1012,2088-2138,2837-2860,3271-3432
719	872	24	1	0x16	0x18	265875	0x28	180	branch	target=0x28	source_path,busy_poll	s2.sounddriver.asm:343-389,947-1012,2088-2138,2837-2860,3271-3432
720	872	24	1	0x28	0xF5	266055	0x29	165	linear	n/a	source_path,busy_poll	s2.sounddriver.asm:343-389,947-1012,2088-2138,2837-2860,3271-3432
721	872	24	1	0x29	0xCF	266220	0x8	165	call	target=0x8	source_path,busy_poll,call_return	s2.sounddriver.asm:343-389,947-1012,2088-2138,2837-2860,3271-3432
722	872	24	1	0x8	0x3A	266385	0xB	195	linear	n/a	source_path,busy_poll	s2.sounddriver.asm:343-389,947-1012,2088-2138,2837-2860,3271-3432
723	872	24	1	0xB	0x87	266580	0xC	60	linear	n/a	source_path,busy_poll	s2.sounddriver.asm:343-389,947-1012,2088-2138,2837-2860,3271-3432
724	872	24	1	0xC	0x38	266640	0xE	105	branch	not_taken	source_path,busy_poll	s2.sounddriver.asm:343-389,947-1012,2088-2138,2837-2860,3271-3432
725	872	24	1	0xE	0xC9	266745	0x2A	150	return	target=0x2A	source_path,busy_poll,call_return	s2.sounddriver.asm:343-389,947-1012,2088-2138,2837-2860,3271-3432
726	872	24	1	0x2A	0xF1	266895	0x2B	150	linear	n/a	source_path,busy_poll	s2.sounddriver.asm:343-389,947-1012,2088-2138,2837-2860,3271-3432
727	872	24	1	0x2B	0x32	267045	0x2E	195	linear	n/a	source_path,busy_poll	s2.sounddriver.asm:343-389,947-1012,2088-2138,2837-2860,3271-3432
728	872	24	1	0x2E	0xF5	267240	0x2F	165	linear	n/a	source_path,busy_poll	s2.sounddriver.asm:343-389,947-1012,2088-2138,2837-2860,3271-3432
729	872	24	1	0x2F	0xCF	267405	0x8	165	call	target=0x8	source_path,busy_poll,call_return	s2.sounddriver.asm:343-389,947-1012,2088-2138,2837-2860,3271-3432
730	872	24	1	0x8	0x3A	267570	0xB	195	linear	n/a	source_path,busy_poll	s2.sounddriver.asm:343-389,947-1012,2088-2138,2837-2860,3271-3432
731	872	24	1	0xB	0x87	267765	0xC	60	linear	n/a	source_path,busy_poll	s2.sounddriver.asm:343-389,947-1012,2088-2138,2837-2860,3271-3432
732	872	24	1	0xC	0x38	267825	0xE	105	branch	not_taken	source_path,busy_poll	s2.sounddriver.asm:343-389,947-1012,2088-2138,2837-2860,3271-3432
733	872	24	1	0xE	0xC9	267930	0x30	150	return	target=0x30	source_path,busy_poll,call_return	s2.sounddriver.asm:343-389,947-1012,2088-2138,2837-2860,3271-3432
734	872	24	1	0x30	0x79	268080	0x31	60	linear	n/a	source_path,busy_poll	s2.sounddriver.asm:343-389,947-1012,2088-2138,2837-2860,3271-3432
735	872	24	1	0x31	0x32	268140	0x34	195	linear	n/a	source_path,busy_poll,ym_write	s2.sounddriver.asm:343-389,947-1012,2088-2138,2837-2860,3271-3432
736	872	25	1	0x34	0xF1	268335	0x35	150	linear	n/a	source_path	s2.sounddriver.asm:343-389,947-1012,2088-2138,2837-2860,3271-3432
737	872	25	1	0x35	0xC9	268485	0xE85	150	return	target=0xE85	source_path,call_return	s2.sounddriver.asm:343-389,947-1012,2088-2138,2837-2860,3271-3432
738	872	25	1	0xE85	0xC6	268635	0xE87	105	linear	n/a	source_path	s2.sounddriver.asm:343-389,947-1012,2088-2138,2837-2860,3271-3432
739	872	25	1	0xE87	0x10	268740	0xE89	120	branch	not_taken	source_path	s2.sounddriver.asm:343-389,947-1012,2088-2138,2837-2860,3271-3432
740	872	25	1	0xE89	0xC9	268860	0xE10	150	return	target=0xE10	source_path,call_return	s2.sounddriver.asm:343-389,947-1012,2088-2138,2837-2860,3271-3432
741	872	25	1	0xE10	0xE1	269010	0xE11	150	linear	n/a	source_path	s2.sounddriver.asm:343-389,947-1012,2088-2138,2837-2860,3271-3432
742	872	25	1	0xE11	0xC9	269160	0x26B	150	return	target=0x26B	source_path,call_return	s2.sounddriver.asm:343-389,947-1012,2088-2138,2837-2860,3271-3432
743	872	25	1	0x26B	0x18	269310	0x262	180	branch	target=0x262	source_path	s2.sounddriver.asm:343-389,947-1012,2088-2138,2837-2860,3271-3432
744	872	25	1	0x262	0x7E	269490	0x263	150	linear	n/a	source_path	s2.sounddriver.asm:343-389,947-1012,2088-2138,2837-2860,3271-3432
745	872	25	1	0x263	0x23	269640	0x264	90	linear	n/a	source_path	s2.sounddriver.asm:343-389,947-1012,2088-2138,2837-2860,3271-3432
746	872	25	1	0x264	0xFE	269730	0x266	105	linear	n/a	source_path	s2.sounddriver.asm:343-389,947-1012,2088-2138,2837-2860,3271-3432
747	872	25	1	0x266	0x38	269835	0x268	105	branch	not_taken	source_path	s2.sounddriver.asm:343-389,947-1012,2088-2138,2837-2860,3271-3432
748	872	25	1	0x268	0xCD	269940	0xC89	255	call	target=0xC89	source_path,call_return	s2.sounddriver.asm:343-389,947-1012,2088-2138,2837-2860,3271-3432
749	872	25	1	0xC89	0xD6	270195	0xC8B	105	linear	n/a	source_path	s2.sounddriver.asm:343-389,947-1012,2088-2138,2837-2860,3271-3432
750	872	25	1	0xC8B	0x87	270300	0xC8C	60	linear	n/a	source_path	s2.sounddriver.asm:343-389,947-1012,2088-2138,2837-2860,3271-3432
751	872	25	1	0xC8C	0x87	270360	0xC8D	60	linear	n/a	source_path	s2.sounddriver.asm:343-389,947-1012,2088-2138,2837-2860,3271-3432
752	872	25	1	0xC8D	0x32	270420	0xC90	195	linear	n/a	source_path	s2.sounddriver.asm:343-389,947-1012,2088-2138,2837-2860,3271-3432
753	872	25	1	0xC90	0x7E	270615	0xC91	150	linear	n/a	source_path	s2.sounddriver.asm:343-389,947-1012,2088-2138,2837-2860,3271-3432
754	872	25	1	0xC91	0x23	270765	0xC92	90	linear	n/a	source_path	s2.sounddriver.asm:343-389,947-1012,2088-2138,2837-2860,3271-3432
755	872	25	1	0xC92	0x18	270855	0xC94	180	branch	target=0xC94	source_path	s2.sounddriver.asm:343-389,947-1012,2088-2138,2837-2860,3271-3432
756	872	25	1	0xC94	0xC3	271035	0xCFC	150	branch	target=0xCFC	source_path	s2.sounddriver.asm:343-389,947-1012,2088-2138,2837-2860,3271-3432
757	872	25	1	0xCFC	0xDD	271185	0xD00	300	linear	n/a	source_path	s2.sounddriver.asm:343-389,947-1012,2088-2138,2837-2860,3271-3432
758	872	25	1	0xD00	0xF8	271485	0xD01	75	return	not_taken	source_path,call_return	s2.sounddriver.asm:343-389,947-1012,2088-2138,2837-2860,3271-3432
759	872	25	1	0xD01	0xDD	271560	0xD05	300	linear	n/a	source_path	s2.sounddriver.asm:343-389,947-1012,2088-2138,2837-2860,3271-3432
760	872	25	1	0xD05	0xC0	271860	0xD06	75	return	not_taken	source_path,call_return	s2.sounddriver.asm:343-389,947-1012,2088-2138,2837-2860,3271-3432
761	872	25	1	0xD06	0x4F	271935	0xD07	60	linear	n/a	source_path	s2.sounddriver.asm:343-389,947-1012,2088-2138,2837-2860,3271-3432
762	872	25	1	0xD07	0xDD	271995	0xD0A	285	linear	n/a	source_path	s2.sounddriver.asm:343-389,947-1012,2088-2138,2837-2860,3271-3432
763	872	25	1	0xD0A	0xE6	272280	0xD0C	105	linear	n/a	source_path	s2.sounddriver.asm:343-389,947-1012,2088-2138,2837-2860,3271-3432
764	872	25	1	0xD0C	0xB1	272385	0xD0D	60	linear	n/a	source_path	s2.sounddriver.asm:343-389,947-1012,2088-2138,2837-2860,3271-3432
765	872	25	1	0xD0D	0xDD	272445	0xD10	285	linear	n/a	source_path	s2.sounddriver.asm:343-389,947-1012,2088-2138,2837-2860,3271-3432
766	872	25	1	0xD10	0x4F	272730	0xD11	60	linear	n/a	source_path	s2.sounddriver.asm:343-389,947-1012,2088-2138,2837-2860,3271-3432
767	872	25	1	0xD11	0xDD	272790	0xD14	285	linear	n/a	source_path	s2.sounddriver.asm:343-389,947-1012,2088-2138,2837-2860,3271-3432
768	872	25	1	0xD14	0xE6	273075	0xD16	105	linear	n/a	source_path	s2.sounddriver.asm:343-389,947-1012,2088-2138,2837-2860,3271-3432
769	872	25	1	0xD16	0xC6	273180	0xD18	105	linear	n/a	source_path	s2.sounddriver.asm:343-389,947-1012,2088-2138,2837-2860,3271-3432
770	872	25	1	0xD18	0xD7	273285	0x10	165	call	target=0x10	source_path,call_return	s2.sounddriver.asm:343-389,947-1012,2088-2138,2837-2860,3271-3432
771	872	25	1	0x10	0xDD	273450	0x14	300	linear	n/a	source_path,busy_poll	s2.sounddriver.asm:343-389,947-1012,2088-2138,2837-2860,3271-3432
772	872	25	1	0x14	0x28	273750	0x16	105	branch	not_taken	source_path,busy_poll	s2.sounddriver.asm:343-389,947-1012,2088-2138,2837-2860,3271-3432
773	872	25	1	0x16	0x18	273855	0x28	180	branch	target=0x28	source_path,busy_poll	s2.sounddriver.asm:343-389,947-1012,2088-2138,2837-2860,3271-3432
774	872	25	1	0x28	0xF5	274035	0x29	165	linear	n/a	source_path,busy_poll	s2.sounddriver.asm:343-389,947-1012,2088-2138,2837-2860,3271-3432
775	872	25	1	0x29	0xCF	274200	0x8	165	call	target=0x8	source_path,busy_poll,call_return	s2.sounddriver.asm:343-389,947-1012,2088-2138,2837-2860,3271-3432
776	872	25	1	0x8	0x3A	274365	0xB	195	linear	n/a	source_path,busy_poll	s2.sounddriver.asm:343-389,947-1012,2088-2138,2837-2860,3271-3432
777	872	25	1	0xB	0x87	274560	0xC	60	linear	n/a	source_path,busy_poll	s2.sounddriver.asm:343-389,947-1012,2088-2138,2837-2860,3271-3432
778	872	25	1	0xC	0x38	274620	0xE	105	branch	not_taken	source_path,busy_poll	s2.sounddriver.asm:343-389,947-1012,2088-2138,2837-2860,3271-3432
779	872	25	1	0xE	0xC9	274725	0x2A	150	return	target=0x2A	source_path,busy_poll,call_return	s2.sounddriver.asm:343-389,947-1012,2088-2138,2837-2860,3271-3432
780	872	25	1	0x2A	0xF1	274875	0x2B	150	linear	n/a	source_path,busy_poll	s2.sounddriver.asm:343-389,947-1012,2088-2138,2837-2860,3271-3432
781	872	25	1	0x2B	0x32	275025	0x2E	195	linear	n/a	source_path,busy_poll	s2.sounddriver.asm:343-389,947-1012,2088-2138,2837-2860,3271-3432
782	872	25	1	0x2E	0xF5	275220	0x2F	165	linear	n/a	source_path,busy_poll	s2.sounddriver.asm:343-389,947-1012,2088-2138,2837-2860,3271-3432
783	872	25	1	0x2F	0xCF	275385	0x8	165	call	target=0x8	source_path,busy_poll,call_return	s2.sounddriver.asm:343-389,947-1012,2088-2138,2837-2860,3271-3432
784	872	25	1	0x8	0x3A	275550	0xB	195	linear	n/a	source_path,busy_poll	s2.sounddriver.asm:343-389,947-1012,2088-2138,2837-2860,3271-3432
785	872	25	1	0xB	0x87	275745	0xC	60	linear	n/a	source_path,busy_poll	s2.sounddriver.asm:343-389,947-1012,2088-2138,2837-2860,3271-3432
786	872	25	1	0xC	0x38	275805	0xE	105	branch	not_taken	source_path,busy_poll	s2.sounddriver.asm:343-389,947-1012,2088-2138,2837-2860,3271-3432
787	872	25	1	0xE	0xC9	275910	0x30	150	return	target=0x30	source_path,busy_poll,call_return	s2.sounddriver.asm:343-389,947-1012,2088-2138,2837-2860,3271-3432
788	872	25	1	0x30	0x79	276060	0x31	60	linear	n/a	source_path,busy_poll	s2.sounddriver.asm:343-389,947-1012,2088-2138,2837-2860,3271-3432
789	872	25	1	0x31	0x32	276120	0x34	195	linear	n/a	source_path,busy_poll,ym_write	s2.sounddriver.asm:343-389,947-1012,2088-2138,2837-2860,3271-3432
790	872	26	1	0x34	0xF1	276315	0x35	150	linear	n/a	source_path	s2.sounddriver.asm:343-389,947-1012,2088-2138,2837-2860,3271-3432
791	872	26	1	0x35	0xC9	276465	0xD19	150	return	target=0xD19	source_path,call_return	s2.sounddriver.asm:343-389,947-1012,2088-2138,2837-2860,3271-3432
792	872	26	1	0xD19	0xC9	276615	0x26B	150	return	target=0x26B	source_path,call_return	s2.sounddriver.asm:343-389,947-1012,2088-2138,2837-2860,3271-3432
793	872	26	1	0x26B	0x18	276765	0x262	180	branch	target=0x262	source_path	s2.sounddriver.asm:343-389,947-1012,2088-2138,2837-2860,3271-3432
794	872	26	1	0x262	0x7E	276945	0x263	150	linear	n/a	source_path	s2.sounddriver.asm:343-389,947-1012,2088-2138,2837-2860,3271-3432
795	872	26	1	0x263	0x23	277095	0x264	90	linear	n/a	source_path	s2.sounddriver.asm:343-389,947-1012,2088-2138,2837-2860,3271-3432
796	872	26	1	0x264	0xFE	277185	0x266	105	linear	n/a	source_path	s2.sounddriver.asm:343-389,947-1012,2088-2138,2837-2860,3271-3432
797	872	26	1	0x266	0x38	277290	0x26D	180	branch	taken	source_path	s2.sounddriver.asm:343-389,947-1012,2088-2138,2837-2860,3271-3432
798	872	26	1	0x26D	0xF5	277470	0x26E	165	linear	n/a	source_path	s2.sounddriver.asm:343-389,947-1012,2088-2138,2837-2860,3271-3432
799	872	26	1	0x26E	0xCD	277635	0xC56	255	call	target=0xC56	source_path,call_return	s2.sounddriver.asm:343-389,947-1012,2088-2138,2837-2860,3271-3432
800	872	26	1	0xC56	0xDD	277890	0xC59	285	linear	n/a	source_path	s2.sounddriver.asm:343-389,947-1012,2088-2138,2837-2860,3271-3432
801	872	26	1	0xC59	0xE6	278175	0xC5B	105	linear	n/a	source_path	s2.sounddriver.asm:343-389,947-1012,2088-2138,2837-2860,3271-3432
802	872	26	1	0xC5B	0xC0	278280	0xC5C	75	return	not_taken	source_path,call_return	s2.sounddriver.asm:343-389,947-1012,2088-2138,2837-2860,3271-3432
803	872	26	1	0xC5C	0x3E	278355	0xC5E	105	linear	n/a	source_path	s2.sounddriver.asm:343-389,947-1012,2088-2138,2837-2860,3271-3432
804	872	26	1	0xC5E	0xDD	278460	0xC61	285	linear	n/a	source_path	s2.sounddriver.asm:343-389,947-1012,2088-2138,2837-2860,3271-3432
805	872	26	1	0xC61	0xDF	278745	0x18	165	call	target=0x18	source_path,call_return	s2.sounddriver.asm:343-389,947-1012,2088-2138,2837-2860,3271-3432
806	872	26	1	0x18	0xF5	278910	0x19	165	linear	n/a	source_path,busy_poll	s2.sounddriver.asm:343-389,947-1012,2088-2138,2837-2860,3271-3432
807	872	26	1	0x19	0xCF	279075	0x8	165	call	target=0x8	source_path,busy_poll,call_return	s2.sounddriver.asm:343-389,947-1012,2088-2138,2837-2860,3271-3432
808	872	26	1	0x8	0x3A	279240	0xB	195	linear	n/a	source_path,busy_poll	s2.sounddriver.asm:343-389,947-1012,2088-2138,2837-2860,3271-3432
809	872	26	1	0xB	0x87	279435	0xC	60	linear	n/a	source_path,busy_poll	s2.sounddriver.asm:343-389,947-1012,2088-2138,2837-2860,3271-3432
810	872	26	1	0xC	0x38	279495	0xE	105	branch	not_taken	source_path,busy_poll	s2.sounddriver.asm:343-389,947-1012,2088-2138,2837-2860,3271-3432
811	872	26	1	0xE	0xC9	279600	0x1A	150	return	target=0x1A	source_path,busy_poll,call_return	s2.sounddriver.asm:343-389,947-1012,2088-2138,2837-2860,3271-3432
812	872	26	1	0x1A	0xF1	279750	0x1B	150	linear	n/a	source_path,busy_poll	s2.sounddriver.asm:343-389,947-1012,2088-2138,2837-2860,3271-3432
813	872	26	1	0x1B	0x32	279900	0x1E	195	linear	n/a	source_path,busy_poll	s2.sounddriver.asm:343-389,947-1012,2088-2138,2837-2860,3271-3432
814	872	26	1	0x1E	0xF5	280095	0x1F	165	linear	n/a	source_path,busy_poll	s2.sounddriver.asm:343-389,947-1012,2088-2138,2837-2860,3271-3432
815	872	26	1	0x1F	0xCF	280260	0x8	165	call	target=0x8	source_path,busy_poll,call_return	s2.sounddriver.asm:343-389,947-1012,2088-2138,2837-2860,3271-3432
816	872	26	1	0x8	0x3A	280425	0xB	195	linear	n/a	source_path,busy_poll	s2.sounddriver.asm:343-389,947-1012,2088-2138,2837-2860,3271-3432
817	872	26	1	0xB	0x87	280620	0xC	60	linear	n/a	source_path,busy_poll	s2.sounddriver.asm:343-389,947-1012,2088-2138,2837-2860,3271-3432
818	872	26	1	0xC	0x38	280680	0xE	105	branch	not_taken	source_path,busy_poll	s2.sounddriver.asm:343-389,947-1012,2088-2138,2837-2860,3271-3432
819	872	26	1	0xE	0xC9	280785	0x20	150	return	target=0x20	source_path,busy_poll,call_return	s2.sounddriver.asm:343-389,947-1012,2088-2138,2837-2860,3271-3432
820	872	26	1	0x20	0x79	280935	0x21	60	linear	n/a	source_path,busy_poll	s2.sounddriver.asm:343-389,947-1012,2088-2138,2837-2860,3271-3432
821	872	26	1	0x21	0x32	280995	0x24	195	linear	n/a	source_path,busy_poll,ym_write	s2.sounddriver.asm:343-389,947-1012,2088-2138,2837-2860,3271-3432
822	872	27	1	0x24	0xF1	281190	0x25	150	linear	n/a	source_path,busy_poll	s2.sounddriver.asm:343-389,947-1012,2088-2138,2837-2860,3271-3432
823	872	27	1	0x25	0xC9	281340	0xC62	150	return	target=0xC62	source_path,busy_poll,call_return	s2.sounddriver.asm:343-389,947-1012,2088-2138,2837-2860,3271-3432
824	872	27	1	0xC62	0xC9	281490	0x271	150	return	target=0x271	source_path,call_return	s2.sounddriver.asm:343-389,947-1012,2088-2138,2837-2860,3271-3432
825	872	27	1	0x271	0xF1	281640	0x272	150	linear	n/a	source_path	s2.sounddriver.asm:343-389,947-1012,2088-2138,2837-2860,3271-3432
826	872	27	1	0x272	0xB7	281790	0x273	60	linear	n/a	source_path	s2.sounddriver.asm:343-389,947-1012,2088-2138,2837-2860,3271-3432
827	872	27	1	0x273	0xF2	281850	0x276	150	branch	not_taken	source_path	s2.sounddriver.asm:343-389,947-1012,2088-2138,2837-2860,3271-3432
828	872	27	1	0x276	0xCD	282000	0x285	255	call	target=0x285	source_path,call_return	s2.sounddriver.asm:343-389,947-1012,2088-2138,2837-2860,3271-3432
829	872	27	1	0x285	0xD6	282255	0x287	105	linear	n/a	source_path	s2.sounddriver.asm:343-389,947-1012,2088-2138,2837-2860,3271-3432
830	872	27	1	0x287	0x28	282360	0x289	105	branch	not_taken	source_path	s2.sounddriver.asm:343-389,947-1012,2088-2138,2837-2860,3271-3432
831	872	27	1	0x289	0xDD	282465	0x28C	285	linear	n/a	source_path	s2.sounddriver.asm:343-389,947-1012,2088-2138,2837-2860,3271-3432
832	872	27	1	0x28C	0x87	282750	0x28D	60	linear	n/a	source_path	s2.sounddriver.asm:343-389,947-1012,2088-2138,2837-2860,3271-3432
833	872	27	1	0x28D	0xC6	282810	0x28F	105	linear	n/a	source_path	s2.sounddriver.asm:343-389,947-1012,2088-2138,2837-2860,3271-3432
834	872	27	1	0x28F	0x32	282915	0x292	195	linear	n/a	source_path	s2.sounddriver.asm:343-389,947-1012,2088-2138,2837-2860,3271-3432
835	872	27	1	0x292	0xED	283110	0x296	300	linear	n/a	source_path	s2.sounddriver.asm:343-389,947-1012,2088-2138,2837-2860,3271-3432
836	872	27	1	0x296	0xDD	283410	0x299	285	linear	n/a	source_path	s2.sounddriver.asm:343-389,947-1012,2088-2138,2837-2860,3271-3432
837	872	27	1	0x299	0xDD	283695	0x29C	285	linear	n/a	source_path	s2.sounddriver.asm:343-389,947-1012,2088-2138,2837-2860,3271-3432
838	872	27	1	0x29C	0xC9	283980	0x279	150	return	target=0x279	source_path,call_return	s2.sounddriver.asm:343-389,947-1012,2088-2138,2837-2860,3271-3432
839	872	27	1	0x279	0x7E	284130	0x27A	150	linear	n/a	source_path	s2.sounddriver.asm:343-389,947-1012,2088-2138,2837-2860,3271-3432
840	872	27	1	0x27A	0xB7	284280	0x27B	60	linear	n/a	source_path	s2.sounddriver.asm:343-389,947-1012,2088-2138,2837-2860,3271-3432
841	872	27	1	0x27B	0xFA	284340	0x27E	150	branch	not_taken	source_path	s2.sounddriver.asm:343-389,947-1012,2088-2138,2837-2860,3271-3432
842	872	27	1	0x27E	0x23	284490	0x27F	90	linear	n/a	source_path	s2.sounddriver.asm:343-389,947-1012,2088-2138,2837-2860,3271-3432
843	872	27	1	0x27F	0xCD	284580	0x2A9	255	call	target=0x2A9	source_path,call_return	s2.sounddriver.asm:343-389,947-1012,2088-2138,2837-2860,3271-3432
844	872	27	1	0x2A9	0x4F	284835	0x2AA	60	linear	n/a	source_path	s2.sounddriver.asm:343-389,947-1012,2088-2138,2837-2860,3271-3432
845	872	27	1	0x2AA	0xDD	284895	0x2AD	285	linear	n/a	source_path	s2.sounddriver.asm:343-389,947-1012,2088-2138,2837-2860,3271-3432
846	872	27	1	0x2AD	0x10	285180	0x2AF	120	branch	not_taken	source_path	s2.sounddriver.asm:343-389,947-1012,2088-2138,2837-2860,3271-3432
847	872	27	1	0x2AF	0xDD	285300	0x2B2	285	linear	n/a	source_path	s2.sounddriver.asm:343-389,947-1012,2088-2138,2837-2860,3271-3432
848	872	27	1	0x2B2	0xDD	285585	0x2B5	285	linear	n/a	source_path	s2.sounddriver.asm:343-389,947-1012,2088-2138,2837-2860,3271-3432
849	872	27	1	0x2B5	0xC9	285870	0x282	150	return	target=0x282	source_path,call_return	s2.sounddriver.asm:343-389,947-1012,2088-2138,2837-2860,3271-3432
850	872	27	1	0x282	0xC3	286020	0x2BA	150	branch	target=0x2BA	source_path	s2.sounddriver.asm:343-389,947-1012,2088-2138,2837-2860,3271-3432
851	872	27	1	0x2BA	0xDD	286170	0x2BD	285	linear	n/a	source_path	s2.sounddriver.asm:343-389,947-1012,2088-2138,2837-2860,3271-3432
852	872	27	1	0x2BD	0xDD	286455	0x2C0	285	linear	n/a	source_path	s2.sounddriver.asm:343-389,947-1012,2088-2138,2837-2860,3271-3432
853	872	27	1	0x2C0	0xDD	286740	0x2C3	285	linear	n/a	source_path	s2.sounddriver.asm:343-389,947-1012,2088-2138,2837-2860,3271-3432
854	872	27	1	0x2C3	0xDD	287025	0x2C6	285	linear	n/a	source_path	s2.sounddriver.asm:343-389,947-1012,2088-2138,2837-2860,3271-3432
855	872	27	1	0x2C6	0xDD	287310	0x2CA	300	linear	n/a	source_path	s2.sounddriver.asm:343-389,947-1012,2088-2138,2837-2860,3271-3432
856	872	27	1	0x2CA	0xC0	287610	0x2CB	75	return	not_taken	source_path,call_return	s2.sounddriver.asm:343-389,947-1012,2088-2138,2837-2860,3271-3432
857	872	27	1	0x2CB	0xDD	287685	0x2CE	285	linear	n/a	source_path	s2.sounddriver.asm:343-389,947-1012,2088-2138,2837-2860,3271-3432
858	872	27	1	0x2CE	0xDD	287970	0x2D1	285	linear	n/a	source_path	s2.sounddriver.asm:343-389,947-1012,2088-2138,2837-2860,3271-3432
859	872	27	1	0x2D1	0xDD	288255	0x2D5	285	linear	n/a	source_path	s2.sounddriver.asm:343-389,947-1012,2088-2138,2837-2860,3271-3432
860	872	27	1	0x2D5	0xDD	288540	0x2D9	300	linear	n/a	source_path	s2.sounddriver.asm:343-389,947-1012,2088-2138,2837-2860,3271-3432
861	872	27	1	0x2D9	0xC8	288840	0x243	165	return	taken	source_path,call_return	s2.sounddriver.asm:343-389,947-1012,2088-2138,2837-2860,3271-3432
862	872	27	1	0x243	0xCD	289005	0x3E5	255	call	target=0x3E5	source_path,call_return	s2.sounddriver.asm:343-389,947-1012,2088-2138,2837-2860,3271-3432
863	872	27	1	0x3E5	0xDD	289260	0x3E9	300	linear	n/a	source_path	s2.sounddriver.asm:343-389,947-1012,2088-2138,2837-2860,3271-3432
864	872	27	1	0x3E9	0xC0	289560	0x3EA	75	return	not_taken	source_path,call_return	s2.sounddriver.asm:343-389,947-1012,2088-2138,2837-2860,3271-3432
865	872	27	1	0x3EA	0xDD	289635	0x3ED	285	linear	n/a	source_path	s2.sounddriver.asm:343-389,947-1012,2088-2138,2837-2860,3271-3432
866	872	27	1	0x3ED	0xDD	289920	0x3F0	285	linear	n/a	source_path	s2.sounddriver.asm:343-389,947-1012,2088-2138,2837-2860,3271-3432
867	872	27	1	0x3F0	0x7A	290205	0x3F1	60	linear	n/a	source_path	s2.sounddriver.asm:343-389,947-1012,2088-2138,2837-2860,3271-3432
868	872	27	1	0x3F1	0xB3	290265	0x3F2	60	linear	n/a	source_path	s2.sounddriver.asm:343-389,947-1012,2088-2138,2837-2860,3271-3432
869	872	27	1	0x3F2	0xCA	290325	0x3F5	150	branch	not_taken	source_path	s2.sounddriver.asm:343-389,947-1012,2088-2138,2837-2860,3271-3432
870	872	27	1	0x3F5	0xDD	290475	0x3F9	300	linear	n/a	source_path	s2.sounddriver.asm:343-389,947-1012,2088-2138,2837-2860,3271-3432
871	872	27	1	0x3F9	0xC0	290775	0x3FA	75	return	not_taken	source_path,call_return	s2.sounddriver.asm:343-389,947-1012,2088-2138,2837-2860,3271-3432
872	872	27	1	0x3FA	0x26	290850	0x3FC	105	linear	n/a	source_path	s2.sounddriver.asm:343-389,947-1012,2088-2138,2837-2860,3271-3432
873	872	27	1	0x3FC	0xDD	290955	0x3FF	285	linear	n/a	source_path	s2.sounddriver.asm:343-389,947-1012,2088-2138,2837-2860,3271-3432
874	872	27	1	0x3FF	0xCB	291240	0x401	120	linear	n/a	source_path	s2.sounddriver.asm:343-389,947-1012,2088-2138,2837-2860,3271-3432
875	872	27	1	0x401	0x28	291360	0x405	180	branch	taken	source_path	s2.sounddriver.asm:343-389,947-1012,2088-2138,2837-2860,3271-3432
876	872	27	1	0x405	0x19	291540	0x406	165	linear	n/a	source_path	s2.sounddriver.asm:343-389,947-1012,2088-2138,2837-2860,3271-3432
877	872	27	1	0x406	0x4C	291705	0x407	60	linear	n/a	source_path	s2.sounddriver.asm:343-389,947-1012,2088-2138,2837-2860,3271-3432
878	872	27	1	0x407	0xDD	291765	0x40A	285	linear	n/a	source_path	s2.sounddriver.asm:343-389,947-1012,2088-2138,2837-2860,3271-3432
879	872	27	1	0x40A	0xE6	292050	0x40C	105	linear	n/a	source_path	s2.sounddriver.asm:343-389,947-1012,2088-2138,2837-2860,3271-3432
880	872	27	1	0x40C	0xC6	292155	0x40E	105	linear	n/a	source_path	s2.sounddriver.asm:343-389,947-1012,2088-2138,2837-2860,3271-3432
881	872	27	1	0x40E	0xD7	292260	0x10	165	call	target=0x10	source_path,call_return	s2.sounddriver.asm:343-389,947-1012,2088-2138,2837-2860,3271-3432
882	872	27	1	0x10	0xDD	292425	0x14	300	linear	n/a	source_path,busy_poll	s2.sounddriver.asm:343-389,947-1012,2088-2138,2837-2860,3271-3432
883	872	27	1	0x14	0x28	292725	0x16	105	branch	not_taken	source_path,busy_poll	s2.sounddriver.asm:343-389,947-1012,2088-2138,2837-2860,3271-3432
884	872	27	1	0x16	0x18	292830	0x28	180	branch	target=0x28	source_path,busy_poll	s2.sounddriver.asm:343-389,947-1012,2088-2138,2837-2860,3271-3432
885	872	27	1	0x28	0xF5	293010	0x29	165	linear	n/a	source_path,busy_poll	s2.sounddriver.asm:343-389,947-1012,2088-2138,2837-2860,3271-3432
886	872	27	1	0x29	0xCF	293175	0x8	165	call	target=0x8	source_path,busy_poll,call_return	s2.sounddriver.asm:343-389,947-1012,2088-2138,2837-2860,3271-3432
887	872	27	1	0x8	0x3A	293340	0xB	195	linear	n/a	source_path,busy_poll	s2.sounddriver.asm:343-389,947-1012,2088-2138,2837-2860,3271-3432
888	872	27	1	0xB	0x87	293535	0xC	60	linear	n/a	source_path,busy_poll	s2.sounddriver.asm:343-389,947-1012,2088-2138,2837-2860,3271-3432
889	872	27	1	0xC	0x38	293595	0xE	105	branch	not_taken	source_path,busy_poll	s2.sounddriver.asm:343-389,947-1012,2088-2138,2837-2860,3271-3432
890	872	27	1	0xE	0xC9	293700	0x2A	150	return	target=0x2A	source_path,busy_poll,call_return	s2.sounddriver.asm:343-389,947-1012,2088-2138,2837-2860,3271-3432
891	872	27	1	0x2A	0xF1	293850	0x2B	150	linear	n/a	source_path,busy_poll	s2.sounddriver.asm:343-389,947-1012,2088-2138,2837-2860,3271-3432
892	872	27	1	0x2B	0x32	294000	0x2E	195	linear	n/a	source_path,busy_poll	s2.sounddriver.asm:343-389,947-1012,2088-2138,2837-2860,3271-3432
893	872	27	1	0x2E	0xF5	294195	0x2F	165	linear	n/a	source_path,busy_poll	s2.sounddriver.asm:343-389,947-1012,2088-2138,2837-2860,3271-3432
894	872	27	1	0x2F	0xCF	294360	0x8	165	call	target=0x8	source_path,busy_poll,call_return	s2.sounddriver.asm:343-389,947-1012,2088-2138,2837-2860,3271-3432
895	872	27	1	0x8	0x3A	294525	0xB	195	linear	n/a	source_path,busy_poll	s2.sounddriver.asm:343-389,947-1012,2088-2138,2837-2860,3271-3432
896	872	27	1	0xB	0x87	294720	0xC	60	linear	n/a	source_path,busy_poll	s2.sounddriver.asm:343-389,947-1012,2088-2138,2837-2860,3271-3432
897	872	27	1	0xC	0x38	294780	0xE	105	branch	not_taken	source_path,busy_poll	s2.sounddriver.asm:343-389,947-1012,2088-2138,2837-2860,3271-3432
898	872	27	1	0xE	0xC9	294885	0x30	150	return	target=0x30	source_path,busy_poll,call_return	s2.sounddriver.asm:343-389,947-1012,2088-2138,2837-2860,3271-3432
899	872	27	1	0x30	0x79	295035	0x31	60	linear	n/a	source_path,busy_poll	s2.sounddriver.asm:343-389,947-1012,2088-2138,2837-2860,3271-3432
900	872	27	1	0x31	0x32	295095	0x34	195	linear	n/a	source_path,busy_poll,ym_write	s2.sounddriver.asm:343-389,947-1012,2088-2138,2837-2860,3271-3432
901	872	28	1	0x34	0xF1	295290	0x35	150	linear	n/a	source_path	s2.sounddriver.asm:343-389,947-1012,2088-2138,2837-2860,3271-3432
902	872	28	1	0x35	0xC9	295440	0x40F	150	return	target=0x40F	source_path,call_return	s2.sounddriver.asm:343-389,947-1012,2088-2138,2837-2860,3271-3432
903	872	28	1	0x40F	0x4D	295590	0x410	60	linear	n/a	source_path	s2.sounddriver.asm:343-389,947-1012,2088-2138,2837-2860,3271-3432
904	872	28	1	0x410	0xD6	295650	0x412	105	linear	n/a	source_path	s2.sounddriver.asm:343-389,947-1012,2088-2138,2837-2860,3271-3432
905	872	28	1	0x412	0xD7	295755	0x10	165	call	target=0x10	source_path,call_return	s2.sounddriver.asm:343-389,947-1012,2088-2138,2837-2860,3271-3432
906	872	28	1	0x10	0xDD	295920	0x14	300	linear	n/a	source_path,busy_poll	s2.sounddriver.asm:343-389,947-1012,2088-2138,2837-2860,3271-3432
907	872	28	1	0x14	0x28	296220	0x16	105	branch	not_taken	source_path,busy_poll	s2.sounddriver.asm:343-389,947-1012,2088-2138,2837-2860,3271-3432
908	872	28	1	0x16	0x18	296325	0x28	180	branch	target=0x28	source_path,busy_poll	s2.sounddriver.asm:343-389,947-1012,2088-2138,2837-2860,3271-3432
909	872	28	1	0x28	0xF5	296505	0x29	165	linear	n/a	source_path,busy_poll	s2.sounddriver.asm:343-389,947-1012,2088-2138,2837-2860,3271-3432
910	872	28	1	0x29	0xCF	296670	0x8	165	call	target=0x8	source_path,busy_poll,call_return	s2.sounddriver.asm:343-389,947-1012,2088-2138,2837-2860,3271-3432
911	872	28	1	0x8	0x3A	296835	0xB	195	linear	n/a	source_path,busy_poll	s2.sounddriver.asm:343-389,947-1012,2088-2138,2837-2860,3271-3432
912	872	28	1	0xB	0x87	297030	0xC	60	linear	n/a	source_path,busy_poll	s2.sounddriver.asm:343-389,947-1012,2088-2138,2837-2860,3271-3432
913	872	28	1	0xC	0x38	297090	0xE	105	branch	not_taken	source_path,busy_poll	s2.sounddriver.asm:343-389,947-1012,2088-2138,2837-2860,3271-3432
914	872	28	1	0xE	0xC9	297195	0x2A	150	return	target=0x2A	source_path,busy_poll,call_return	s2.sounddriver.asm:343-389,947-1012,2088-2138,2837-2860,3271-3432
915	872	28	1	0x2A	0xF1	297345	0x2B	150	linear	n/a	source_path,busy_poll	s2.sounddriver.asm:343-389,947-1012,2088-2138,2837-2860,3271-3432
916	872	28	1	0x2B	0x32	297495	0x2E	195	linear	n/a	source_path,busy_poll	s2.sounddriver.asm:343-389,947-1012,2088-2138,2837-2860,3271-3432
917	872	28	1	0x2E	0xF5	297690	0x2F	165	linear	n/a	source_path,busy_poll	s2.sounddriver.asm:343-389,947-1012,2088-2138,2837-2860,3271-3432
918	872	28	1	0x2F	0xCF	297855	0x8	165	call	target=0x8	source_path,busy_poll,call_return	s2.sounddriver.asm:343-389,947-1012,2088-2138,2837-2860,3271-3432
919	872	28	1	0x8	0x3A	298020	0xB	195	linear	n/a	source_path,busy_poll	s2.sounddriver.asm:343-389,947-1012,2088-2138,2837-2860,3271-3432
920	872	28	1	0xB	0x87	298215	0xC	60	linear	n/a	source_path,busy_poll	s2.sounddriver.asm:343-389,947-1012,2088-2138,2837-2860,3271-3432
921	872	28	1	0xC	0x38	298275	0xE	105	branch	not_taken	source_path,busy_poll	s2.sounddriver.asm:343-389,947-1012,2088-2138,2837-2860,3271-3432
922	872	28	1	0xE	0xC9	298380	0x30	150	return	target=0x30	source_path,busy_poll,call_return	s2.sounddriver.asm:343-389,947-1012,2088-2138,2837-2860,3271-3432
923	872	28	1	0x30	0x79	298530	0x31	60	linear	n/a	source_path,busy_poll	s2.sounddriver.asm:343-389,947-1012,2088-2138,2837-2860,3271-3432
924	872	28	1	0x31	0x32	298590	0x34	195	linear	n/a	source_path,busy_poll,ym_write	s2.sounddriver.asm:343-389,947-1012,2088-2138,2837-2860,3271-3432
925	872	29	1	0x34	0xF1	298785	0x35	150	linear	n/a	source_path	s2.sounddriver.asm:343-389,947-1012,2088-2138,2837-2860,3271-3432
926	872	29	1	0x35	0xC9	298935	0x413	150	return	target=0x413	source_path,call_return	s2.sounddriver.asm:343-389,947-1012,2088-2138,2837-2860,3271-3432
927	872	29	1	0x413	0xC9	299085	0x246	150	return	target=0x246	source_path,call_return	s2.sounddriver.asm:343-389,947-1012,2088-2138,2837-2860,3271-3432
928	872	29	1	0x246	0xCD	299235	0xC46	255	call	target=0xC46	source_path,call_return	s2.sounddriver.asm:343-389,947-1012,2088-2138,2837-2860,3271-3432
929	872	29	1	0xC46	0xDD	299490	0xC49	285	linear	n/a	source_path	s2.sounddriver.asm:343-389,947-1012,2088-2138,2837-2860,3271-3432
930	872	29	1	0xC49	0xE6	299775	0xC4B	105	linear	n/a	source_path	s2.sounddriver.asm:343-389,947-1012,2088-2138,2837-2860,3271-3432
931	872	29	1	0xC4B	0xC0	299880	0xC4C	75	return	not_taken	source_path,call_return	s2.sounddriver.asm:343-389,947-1012,2088-2138,2837-2860,3271-3432
932	872	29	1	0xC4C	0xDD	299955	0xC4F	285	linear	n/a	source_path	s2.sounddriver.asm:343-389,947-1012,2088-2138,2837-2860,3271-3432
933	872	29	1	0xC4F	0xF6	300240	0xC51	105	linear	n/a	source_path	s2.sounddriver.asm:343-389,947-1012,2088-2138,2837-2860,3271-3432
934	872	29	1	0xC51	0x4F	300345	0xC52	60	linear	n/a	source_path	s2.sounddriver.asm:343-389,947-1012,2088-2138,2837-2860,3271-3432
935	872	29	1	0xC52	0x3E	300405	0xC54	105	linear	n/a	source_path	s2.sounddriver.asm:343-389,947-1012,2088-2138,2837-2860,3271-3432
936	872	29	1	0xC54	0xDF	300510	0x18	165	call	target=0x18	source_path,call_return	s2.sounddriver.asm:343-389,947-1012,2088-2138,2837-2860,3271-3432
937	872	29	1	0x18	0xF5	300675	0x19	165	linear	n/a	source_path,busy_poll	s2.sounddriver.asm:343-389,947-1012,2088-2138,2837-2860,3271-3432
938	872	29	1	0x19	0xCF	300840	0x8	165	call	target=0x8	source_path,busy_poll,call_return	s2.sounddriver.asm:343-389,947-1012,2088-2138,2837-2860,3271-3432
939	872	29	1	0x8	0x3A	301005	0xB	195	linear	n/a	source_path,busy_poll	s2.sounddriver.asm:343-389,947-1012,2088-2138,2837-2860,3271-3432
940	872	29	1	0xB	0x87	301200	0xC	60	linear	n/a	source_path,busy_poll	s2.sounddriver.asm:343-389,947-1012,2088-2138,2837-2860,3271-3432
941	872	29	1	0xC	0x38	301260	0xE	105	branch	not_taken	source_path,busy_poll	s2.sounddriver.asm:343-389,947-1012,2088-2138,2837-2860,3271-3432
942	872	29	1	0xE	0xC9	301365	0x1A	150	return	target=0x1A	source_path,busy_poll,call_return	s2.sounddriver.asm:343-389,947-1012,2088-2138,2837-2860,3271-3432
943	872	29	1	0x1A	0xF1	301515	0x1B	150	linear	n/a	source_path,busy_poll	s2.sounddriver.asm:343-389,947-1012,2088-2138,2837-2860,3271-3432
944	872	29	1	0x1B	0x32	301665	0x1E	195	linear	n/a	source_path,busy_poll	s2.sounddriver.asm:343-389,947-1012,2088-2138,2837-2860,3271-3432
945	872	29	1	0x1E	0xF5	301860	0x1F	165	linear	n/a	source_path,busy_poll	s2.sounddriver.asm:343-389,947-1012,2088-2138,2837-2860,3271-3432
946	872	29	1	0x1F	0xCF	302025	0x8	165	call	target=0x8	source_path,busy_poll,call_return	s2.sounddriver.asm:343-389,947-1012,2088-2138,2837-2860,3271-3432
947	872	29	1	0x8	0x3A	302190	0xB	195	linear	n/a	source_path,busy_poll	s2.sounddriver.asm:343-389,947-1012,2088-2138,2837-2860,3271-3432
948	872	29	1	0xB	0x87	302385	0xC	60	linear	n/a	source_path,busy_poll	s2.sounddriver.asm:343-389,947-1012,2088-2138,2837-2860,3271-3432
949	872	29	1	0xC	0x38	302445	0xE	105	branch	not_taken	source_path,busy_poll	s2.sounddriver.asm:343-389,947-1012,2088-2138,2837-2860,3271-3432
950	872	29	1	0xE	0xC9	302550	0x20	150	return	target=0x20	source_path,busy_poll,call_return	s2.sounddriver.asm:343-389,947-1012,2088-2138,2837-2860,3271-3432
951	872	29	1	0x20	0x79	302700	0x21	60	linear	n/a	source_path,busy_poll	s2.sounddriver.asm:343-389,947-1012,2088-2138,2837-2860,3271-3432
952	872	29	1	0x21	0x32	302760	key_on	key_on	linear	n/a	source_path,busy_poll,ym_write	s2.sounddriver.asm:343-389,947-1012,2088-2138,2837-2860,3271-3432
